horas_estudio,asistencia,horas_sueño,nota_anterior,apoyo_familiar,actividades_extra
7.8,61.8,7.3,44.2,Alto,Sí
8.6,57.6,6.5,42.2,Medio,No
3.3,59.1,6.1,88.0,Bajo,Sí
13.4,81.2,4.3,74.0,Bajo,Sí
2.8,93.6,5.4,48.4,Bajo,No
12.1,85.7,4.5,73.1,Bajo,No
3.8,87.0,6.8,75.9,Medio,No
16.0,76.0,8.6,61.0,Bajo,Sí
14.6,66.0,6.9,70.5,Medio,No
7.2,99.1,4.6,64.3,Medio,Sí
18.8,74.0,8.8,44.5,Alto,No
8.1,70.8,6.5,86.2,Bajo,Sí
19.0,76.3,7.3,43.5,Alto,No
13.6,99.7,8.1,56.5,Medio,No
2.4,75.8,4.8,46.8,Bajo,Sí
15.8,60.8,5.2,62.7,Medio,Sí
5.0,73.1,5.4,47.9,Medio,No
14.7,99.4,7.4,62.1,Bajo,Sí
3.5,61.8,7.3,40.7,Alto,Sí
6.7,55.2,6.1,61.4,Alto,No
19.2,86.1,6.6,75.8,Alto,Sí
10.2,94.2,8.8,79.5,Alto,No
9.2,72.7,6.4,63.2,Bajo,Sí
19.7,74.8,4.5,74.8,Bajo,Sí
12.2,79.1,8.7,75.6,Bajo,Sí
13.1,61.7,5.3,60.1,Medio,No
4.2,93.2,9.0,67.0,Medio,No
3.5,59.6,5.7,55.4,Alto,Sí
11.3,64.2,8.8,61.0,Alto,Sí
15.6,68.4,7.2,45.3,Medio,No
