área,perímetro,compacidad,largo_grano,ancho_grano,grosor,peso,clase
66.38,30.78,0.8803,12.01,7.11,3.67,0.1868,Liberica
62.92,29.17,0.9291,10.63,7.57,3.86,0.1926,Liberica
46.15,24.2,0.9904,8.46,6.9,4.08,0.1359,Robusta
44.87,24.98,0.9032,9.01,6.55,4.1,0.1597,Arábica
60.82,28.85,0.9182,10.42,7.35,3.74,0.164,Liberica
76.27,32.96,0.8821,13.31,7.14,4.27,0.2461,Liberica
49.57,25.21,0.9802,8.63,7.54,4.72,0.1969,Robusta
48.25,25.03,0.9678,8.86,6.79,4.38,0.1595,Robusta
48.47,25.51,0.9361,9.51,6.53,3.36,0.1377,Arábica
39.04,22.93,0.9328,7.75,6.68,4.28,0.14,Robusta
53.49,26.18,0.9806,9.32,7.35,3.87,0.1651,Liberica
62.46,29.36,0.9104,11.33,7.17,4.08,0.2137,Arábica
83.02,33.28,0.942,12.49,8.36,4.72,0.2994,Liberica
49.66,26.6,0.8818,10.11,6.5,3.33,0.1384,Arábica
51.15,25.35,1.0001,8.78,7.57,4.56,0.1836,Robusta
64.84,29.31,0.9485,10.32,7.85,3.98,0.18,Liberica
79.24,31.89,0.9789,11.93,8.34,4.71,0.2828,Liberica
87.57,36.06,0.8464,13.76,8.52,4.12,0.3138,Liberica
45.59,23.9,1.0027,8.04,7.04,3.92,0.1444,Robusta
37.54,22.51,0.9309,8.1,6.03,3.94,0.1215,Robusta
61.43,28.55,0.9472,10.43,7.5,4.28,0.2187,Arábica
43.78,23.74,0.9763,8.28,6.77,3.8,0.1347,Robusta
70.8,31.93,0.8728,11.99,7.4,4.55,0.2209,Liberica
64.12,29.66,0.9156,10.96,7.57,4.13,0.2103,Liberica
51.17,26.19,0.9373,9.49,7.06,4.35,0.1772,Robusta
43.0,24.08,0.9318,8.91,6.09,3.72,0.145,Arábica
76.64,31.92,0.9451,12.34,7.63,4.52,0.2554,Liberica
69.97,31.3,0.8974,11.72,7.72,4.13,0.2294,Liberica
59.17,27.11,1.0121,9.04,8.04,4.42,0.1924,Robusta
65.88,29.02,0.9832,10.8,7.49,3.97,0.1772,Liberica
56.49,26.75,0.992,9.77,7.12,3.5,0.1577,Arábica
45.27,24.5,0.9476,8.35,7.08,4.09,0.146,Robusta
51.86,27.02,0.8924,9.73,7.11,3.44,0.1344,Arábica
54.4,28.06,0.8685,10.39,6.82,4.18,0.1946,Arábica
71.45,30.22,0.9831,11.72,7.85,4.3,0.2342,Liberica
35.13,22.04,0.9091,7.59,6.05,4.21,0.1278,Robusta
50.6,26.26,0.9221,9.9,6.38,4.07,0.1686,Arábica
63.7,28.99,0.9525,11.3,6.99,3.33,0.1712,Arábica
56.06,27.42,0.9369,10.31,6.74,3.78,0.174,Arábica
60.59,27.8,0.9855,9.86,7.79,4.07,0.1841,Arábica
51.26,26.67,0.9054,10.84,5.95,3.9,0.1391,Arábica
56.34,28.21,0.8896,10.73,6.51,3.69,0.1883,Arábica
68.14,30.69,0.9092,11.21,7.95,4.85,0.252,Liberica
45.25,24.51,0.9467,8.99,6.36,3.53,0.1157,Arábica
51.64,27.54,0.8559,10.35,6.54,3.33,0.1478,Arábica
51.52,26.88,0.8959,10.09,6.86,3.62,0.1569,Arábica
86.85,34.17,0.9348,13.45,8.1,4.29,0.2764,Liberica
86.95,34.81,0.9018,12.92,8.62,4.53,0.2873,Liberica
48.9,25.09,0.9764,8.55,7.33,4.65,0.1888,Robusta
66.71,30.36,0.9093,11.73,7.23,4.24,0.2048,Liberica
46.58,25.36,0.9104,8.57,7.15,4.25,0.173,Robusta
48.17,25.32,0.9443,8.6,7.13,4.03,0.1431,Robusta
85.92,34.9,0.8865,13.68,8.18,4.61,0.3079,Liberica
59.61,28.03,0.9534,10.59,7.23,4.46,0.2228,Arábica
78.64,32.07,0.9609,11.56,8.57,4.17,0.2307,Liberica
63.83,29.28,0.9358,10.53,7.45,4.03,0.1613,Liberica
48.39,25.96,0.9022,9.56,6.5,3.72,0.139,Arábica
56.08,27.94,0.9027,9.83,7.32,3.63,0.1761,Arábica
51.88,25.79,0.98,8.54,7.78,4.47,0.1774,Robusta
54.7,27.23,0.9272,10.2,6.89,3.93,0.1707,Arábica
71.37,31.58,0.8995,12.18,7.68,4.2,0.2394,Liberica
52.81,26.59,0.9391,10.09,6.67,3.9,0.1644,Arábica
50.99,27.1,0.8723,9.82,6.63,3.74,0.1625,Arábica
48.28,25.55,0.9297,8.73,7.29,4.14,0.1636,Robusta
52.84,26.64,0.9359,9.09,7.59,4.0,0.1541,Robusta
58.46,28.71,0.8913,10.99,6.95,4.47,0.2392,Arábica
61.27,29.54,0.8826,10.86,7.29,4.26,0.2188,Arábica
89.97,35.38,0.9034,13.03,8.83,5.24,0.3433,Liberica
57.07,27.14,0.9736,10.13,6.98,3.82,0.1636,Arábica
45.88,24.45,0.9642,9.05,6.51,3.87,0.1512,Robusta
46.72,24.87,0.949,8.27,6.97,4.35,0.1291,Robusta
49.67,25.11,0.9902,8.63,7.02,3.71,0.1412,Robusta
71.43,30.88,0.9414,12.27,7.27,4.33,0.2446,Liberica
52.64,25.17,1.044,8.68,7.58,4.3,0.1796,Robusta
34.49,21.75,0.9163,6.89,6.72,4.3,0.1285,Robusta
74.74,32.52,0.8884,12.5,7.7,3.74,0.1965,Liberica
55.3,27.02,0.9521,9.85,7.14,3.36,0.1621,Arábica
47.74,25.99,0.8883,9.85,6.18,3.24,0.1228,Arábica
56.02,27.75,0.9145,10.47,6.86,3.57,0.148,Arábica
70.17,31.15,0.9086,11.7,7.95,4.54,0.238,Liberica
47.46,25.22,0.9378,8.8,7.13,4.56,0.1863,Robusta
54.09,26.21,0.9896,9.37,7.23,4.11,0.1918,Robusta
54.24,27.3,0.9147,10.07,6.64,3.51,0.1626,Arábica
38.29,22.0,0.994,7.32,6.69,3.56,0.1091,Robusta
58.91,27.5,0.9788,10.19,6.91,3.65,0.1624,Arábica
46.8,23.75,1.0431,8.14,7.3,3.92,0.1487,Robusta
49.63,24.84,1.0107,8.47,7.4,4.07,0.1434,Robusta
49.39,25.98,0.9196,9.57,6.62,3.88,0.1502,Arábica
53.06,26.59,0.9432,9.56,7.03,3.61,0.143,Arábica
61.0,28.68,0.9317,10.8,7.47,4.21,0.2034,Arábica
40.63,22.47,1.0115,7.62,6.48,3.79,0.1026,Robusta
44.11,23.54,1.0006,7.94,6.97,3.99,0.1193,Robusta
60.71,28.47,0.9411,10.52,7.15,3.97,0.1847,Arábica
73.85,32.01,0.9059,11.95,8.04,4.74,0.246,Liberica
51.6,27.36,0.8664,10.2,6.61,3.76,0.1512,Arábica
60.79,28.5,0.9407,10.48,7.19,3.87,0.1941,Arábica
42.9,23.37,0.9869,7.94,6.81,4.37,0.1588,Robusta
42.97,23.77,0.9556,9.08,6.08,4.4,0.1437,Robusta
65.71,29.66,0.9387,11.11,7.74,4.68,0.2368,Liberica
57.78,27.12,0.9875,10.17,6.9,3.53,0.163,Arábica
71.26,31.4,0.908,11.2,8.28,4.53,0.2492,Liberica
52.99,27.19,0.9009,10.09,6.85,3.98,0.1487,Arábica
49.03,25.23,0.9682,9.38,6.58,3.9,0.1771,Arábica
50.16,25.46,0.9728,8.38,7.51,4.34,0.1669,Robusta
70.42,31.23,0.9076,11.74,7.61,4.37,0.2263,Liberica
78.95,32.09,0.9637,12.21,8.1,4.28,0.2263,Liberica
58.57,27.64,0.9633,9.73,7.35,4.11,0.1728,Robusta
62.96,29.93,0.8831,11.34,7.08,4.16,0.2057,Arábica
45.73,23.79,1.015,8.87,6.43,4.15,0.1211,Robusta
49.31,26.34,0.8933,9.9,6.65,3.8,0.1375,Arábica
48.19,24.75,0.9884,8.25,7.57,4.15,0.1687,Robusta
68.35,29.79,0.9677,11.1,7.57,4.09,0.2048,Liberica
53.27,26.74,0.9364,10.07,6.87,3.84,0.1778,Arábica
73.56,31.76,0.9165,12.25,7.72,4.21,0.2352,Liberica
72.5,31.61,0.912,12.13,8.02,4.23,0.2269,Liberica
43.96,22.93,1.0505,7.67,7.09,3.99,0.1327,Robusta
64.13,28.95,0.9613,10.61,7.61,4.32,0.2196,Robusta
62.86,30.21,0.8657,11.62,7.09,4.38,0.2131,Liberica
48.23,25.08,0.9639,8.58,7.33,4.47,0.1717,Robusta
71.63,30.61,0.9605,10.98,8.21,4.31,0.2268,Liberica
59.26,28.34,0.9273,10.73,7.01,3.77,0.1843,Arábica
49.92,25.45,0.9684,8.92,7.15,4.18,0.1686,Robusta
45.06,24.12,0.9735,8.04,7.14,4.23,0.1342,Robusta
43.73,23.53,0.9926,8.09,6.58,4.23,0.1504,Robusta
39.04,22.83,0.9416,7.41,6.7,4.05,0.1228,Robusta
70.67,30.63,0.9466,11.64,7.6,4.18,0.2541,Liberica
52.26,26.72,0.9201,10.75,6.29,3.97,0.1773,Arábica
57.47,27.48,0.9563,9.13,8.07,4.32,0.2078,Robusta
51.99,25.7,0.9889,8.9,7.09,4.48,0.1943,Robusta
79.92,32.52,0.9499,11.87,8.55,4.18,0.2511,Liberica
53.37,26.69,0.9414,9.45,7.19,4.18,0.1821,Robusta
43.14,23.93,0.9464,8.17,6.92,3.93,0.1319,Robusta
41.89,23.52,0.9519,7.71,6.99,4.37,0.1565,Robusta
51.05,25.17,1.0122,8.89,7.38,4.23,0.1752,Robusta
73.76,31.29,0.9469,11.85,7.58,4.23,0.2234,Liberica
74.06,32.44,0.8842,12.64,7.57,4.6,0.2362,Liberica
55.18,26.46,0.9904,8.98,7.8,4.72,0.2099,Robusta
43.97,23.87,0.9699,8.04,7.1,4.37,0.1592,Robusta
43.74,23.98,0.9554,8.48,6.51,4.07,0.141,Robusta
59.35,27.78,0.9662,10.38,7.14,4.12,0.2095,Arábica
45.31,23.76,1.0082,8.12,7.09,3.78,0.1493,Robusta
41.23,23.05,0.9754,7.68,6.93,3.96,0.1262,Robusta
47.03,25.18,0.9319,8.57,6.96,4.94,0.184,Robusta
44.97,24.02,0.9797,8.25,6.86,4.27,0.1425,Robusta
70.08,31.41,0.8926,11.89,7.89,4.17,0.2121,Liberica
92.01,34.69,0.9611,12.44,9.27,4.23,0.2609,Liberica
50.56,25.46,0.98,8.77,7.36,4.32,0.1557,Robusta
57.91,27.43,0.9674,9.68,7.5,3.95,0.1926,Arábica
54.65,27.5,0.9079,9.97,6.91,3.73,0.1406,Arábica
58.44,27.69,0.9576,10.54,6.96,3.44,0.1562,Arábica
55.88,27.61,0.9212,10.09,7.01,4.9,0.2008,Liberica
42.26,23.45,0.9661,8.2,6.69,4.19,0.1525,Robusta
90.85,35.18,0.9226,12.82,8.88,5.16,0.343,Liberica
42.0,24.49,0.8799,7.94,7.17,4.32,0.1483,Robusta
77.31,33.18,0.8824,13.09,7.39,4.7,0.2728,Liberica
84.03,33.33,0.9508,12.41,8.62,4.61,0.3006,Liberica
82.53,32.14,1.0038,12.19,8.36,4.28,0.2578,Liberica
58.9,28.37,0.9199,10.14,7.48,4.27,0.1858,Arábica
54.5,25.83,1.0264,9.13,7.32,4.58,0.1959,Robusta
59.73,29.63,0.8547,11.13,6.86,3.67,0.1741,Arábica
76.36,30.83,1.0095,11.64,8.35,4.57,0.2605,Liberica
49.38,25.68,0.9408,8.97,7.27,4.37,0.1733,Robusta
53.26,27.04,0.9157,9.96,6.93,4.23,0.1706,Arábica
55.23,27.77,0.9002,10.24,6.97,3.66,0.1641,Arábica
51.31,27.0,0.8842,10.09,6.7,3.57,0.1448,Arábica
45.41,25.53,0.8752,8.82,6.9,4.23,0.1631,Robusta
73.38,32.42,0.8773,12.49,7.88,4.72,0.2887,Liberica
79.9,32.77,0.9348,12.14,8.28,4.94,0.2977,Liberica
52.5,27.09,0.8991,9.34,7.37,4.39,0.1699,Robusta
57.04,27.66,0.9371,10.01,7.19,4.09,0.1864,Arábica
48.23,24.95,0.9736,9.13,6.57,3.63,0.1326,Arábica
81.57,33.86,0.8942,13.3,7.8,4.68,0.3053,Liberica
85.2,33.87,0.933,12.52,8.92,4.73,0.3188,Liberica
55.48,26.92,0.9623,9.99,7.01,3.95,0.1842,Arábica
62.26,29.73,0.8849,11.17,6.98,3.52,0.1708,Arábica
70.18,32.27,0.8468,12.84,7.2,4.56,0.2268,Liberica
46.44,24.66,0.9594,8.69,6.8,4.55,0.1706,Robusta
70.81,30.99,0.9268,11.12,7.95,3.49,0.1923,Arábica
59.89,29.72,0.8519,11.02,7.31,4.14,0.2055,Liberica
50.95,26.15,0.9362,9.01,7.64,4.6,0.2009,Robusta
80.82,33.0,0.9324,12.46,8.27,4.28,0.2513,Liberica
56.45,28.06,0.9011,10.16,7.1,4.26,0.2027,Arábica
68.71,30.73,0.9145,11.69,7.55,3.92,0.2093,Liberica
75.65,32.54,0.8977,12.3,7.96,4.04,0.2041,Liberica
51.72,25.09,1.0322,8.61,7.44,4.34,0.1723,Robusta
74.82,32.32,0.9003,12.22,8.07,4.48,0.2421,Liberica
64.51,29.92,0.9054,11.65,7.17,4.56,0.2312,Liberica
47.37,25.82,0.8931,8.64,7.33,4.12,0.1692,Robusta
49.39,27.04,0.8488,10.38,6.38,3.99,0.1592,Arábica
48.62,26.26,0.8861,10.29,6.1,3.62,0.1435,Arábica
50.15,26.38,0.9054,9.71,6.71,3.85,0.1601,Arábica
42.05,23.75,0.937,8.35,6.38,3.9,0.1265,Robusta
67.73,31.14,0.8776,12.29,6.98,3.95,0.1931,Liberica
83.55,34.19,0.8983,12.78,8.39,4.41,0.2842,Liberica
58.45,28.38,0.912,11.42,6.38,4.32,0.2056,Liberica
52.31,27.72,0.8557,10.66,6.63,4.02,0.184,Arábica
73.54,32.73,0.8624,12.49,7.8,4.36,0.2621,Liberica
67.78,30.19,0.9348,11.39,7.45,4.42,0.2194,Liberica
61.72,27.9,0.9965,9.82,7.67,3.83,0.1997,Arábica
64.71,29.12,0.9593,10.95,7.57,4.03,0.2017,Liberica
39.82,22.5,0.9886,8.88,5.64,3.51,0.108,Arábica
34.91,21.49,0.9496,7.05,6.43,3.98,0.1112,Robusta
55.22,27.3,0.9308,10.26,6.88,3.56,0.1564,Arábica
69.29,31.02,0.9047,11.63,7.57,4.37,0.2067,Liberica
46.89,25.12,0.9338,8.79,6.84,4.19,0.1395,Robusta
79.33,32.92,0.9198,12.49,7.9,4.44,0.2663,Liberica
66.58,29.49,0.9618,10.64,7.91,4.61,0.2382,Liberica
46.52,24.85,0.9466,8.6,6.9,4.17,0.1778,Robusta
59.66,29.41,0.8665,11.26,7.03,4.07,0.1944,Arábica
48.14,24.29,1.0256,8.19,7.25,4.22,0.1722,Robusta
44.05,24.29,0.9382,8.54,6.61,4.04,0.1398,Robusta
65.49,29.52,0.9446,10.9,7.46,3.84,0.1852,Liberica
51.95,27.41,0.8688,10.58,6.58,3.94,0.1575,Arábica
46.47,24.57,0.9672,9.32,6.3,3.62,0.1422,Arábica
83.9,33.04,0.966,12.12,8.75,4.27,0.2604,Liberica
60.49,29.43,0.8774,10.91,7.26,3.87,0.1949,Arábica
59.21,27.91,0.9554,9.88,7.7,4.21,0.2004,Arábica
83.72,35.03,0.8575,13.32,8.34,5.08,0.3128,Liberica
42.65,23.83,0.9441,8.26,6.58,4.11,0.1347,Robusta
56.91,27.58,0.9404,10.73,6.79,3.35,0.1416,Arábica
34.77,21.4,0.9539,6.97,6.39,4.14,0.1033,Robusta
60.12,29.79,0.8513,11.24,7.14,4.46,0.1935,Liberica
102.91,36.25,0.9842,12.99,9.92,4.59,0.3466,Liberica
51.79,26.41,0.9334,9.37,7.13,5.08,0.2145,Robusta
52.62,27.69,0.8625,10.76,6.47,3.96,0.1695,Arábica
64.45,30.24,0.8856,11.75,7.18,4.07,0.222,Liberica
46.07,24.34,0.9773,8.41,6.73,3.9,0.1265,Robusta
49.57,25.55,0.954,10.0,6.09,4.03,0.1626,Arábica
80.27,33.19,0.9157,12.46,8.2,4.58,0.256,Liberica
68.17,30.85,0.9001,11.71,7.36,4.33,0.2274,Liberica
64.71,29.95,0.9067,11.84,6.89,4.04,0.217,Arábica
62.85,29.46,0.9099,11.55,7.03,4.19,0.2104,Liberica
62.3,29.79,0.882,11.24,7.2,4.39,0.2163,Liberica
95.49,35.94,0.929,13.65,8.82,4.4,0.2993,Liberica
43.93,23.8,0.9747,7.86,7.31,4.51,0.1465,Robusta
56.27,28.08,0.8968,10.45,6.91,4.07,0.1784,Arábica
60.77,28.14,0.9642,10.24,7.62,3.98,0.1775,Arábica
44.21,24.04,0.9612,8.92,6.36,3.73,0.1286,Arábica
83.21,32.63,0.9823,11.68,8.84,4.18,0.2589,Liberica
91.15,33.86,0.999,12.55,8.9,4.4,0.2432,Liberica
60.2,29.55,0.8663,10.75,7.35,4.51,0.2058,Liberica
75.92,32.06,0.9281,11.53,8.29,4.21,0.2266,Liberica
45.8,24.44,0.9638,8.15,7.22,4.64,0.1781,Robusta
54.45,27.07,0.9335,10.43,6.43,3.93,0.1704,Arábica
80.7,34.31,0.8613,13.48,7.45,4.41,0.2495,Liberica
51.49,25.77,0.9746,9.05,7.12,4.12,0.1868,Robusta
45.42,23.77,1.0102,7.83,7.11,3.95,0.1305,Robusta
67.38,30.4,0.9162,11.21,8.08,4.66,0.2475,Liberica
81.56,32.98,0.9421,11.97,8.63,4.31,0.2417,Liberica
63.0,28.87,0.9497,10.97,7.39,3.85,0.1918,Arábica
51.15,25.27,1.0068,8.56,7.48,4.15,0.1396,Robusta
52.45,26.75,0.9211,9.83,6.46,3.95,0.1497,Arábica
50.62,25.11,1.009,8.26,7.54,4.29,0.1679,Robusta
58.08,28.22,0.9165,10.33,7.13,3.28,0.1489,Arábica
51.46,25.72,0.9778,9.19,7.18,4.26,0.1623,Robusta
51.93,25.69,0.9888,8.64,7.56,4.35,0.1832,Robusta
53.07,27.21,0.9009,10.3,6.5,4.17,0.1741,Arábica
62.58,28.37,0.9773,11.01,7.2,3.89,0.2065,Arábica
83.61,34.01,0.9085,12.81,8.73,5.04,0.3528,Liberica
53.59,26.07,0.9912,9.8,6.8,3.89,0.1628,Arábica
55.31,27.28,0.9337,10.07,6.93,3.8,0.1669,Arábica
51.46,25.37,1.0048,8.76,7.13,3.46,0.1518,Arábica
83.0,33.85,0.9103,12.82,8.24,4.87,0.3136,Liberica
56.5,27.27,0.9545,10.05,7.03,4.06,0.1883,Arábica
52.1,26.78,0.9126,9.79,6.92,3.93,0.1657,Arábica
46.01,23.42,1.0539,7.96,6.93,3.95,0.1256,Robusta
68.39,31.22,0.8814,12.12,7.23,3.83,0.1979,Liberica
46.63,24.69,0.9613,8.3,7.19,4.11,0.1552,Robusta
70.69,30.89,0.9312,11.85,7.56,3.74,0.1908,Liberica
84.41,33.63,0.9379,12.89,8.66,4.26,0.2665,Liberica
52.39,26.64,0.9278,9.96,6.68,3.99,0.1759,Arábica
54.97,27.53,0.9114,10.26,6.85,3.93,0.1958,Arábica
40.09,22.62,0.9848,7.7,6.64,3.98,0.1256,Robusta
40.95,23.25,0.9521,7.71,6.79,4.11,0.1256,Robusta
77.13,33.57,0.8599,13.48,7.37,4.36,0.2262,Liberica
46.09,24.29,0.9812,8.23,7.06,3.8,0.1275,Robusta
53.38,26.68,0.9426,9.19,7.47,4.42,0.1979,Robusta
50.19,25.52,0.9681,9.58,6.62,3.47,0.1506,Arábica
72.19,30.78,0.9577,11.0,8.13,3.51,0.2025,Arábica
75.39,32.24,0.9112,11.47,8.35,4.64,0.2722,Liberica
73.8,30.98,0.9661,11.69,8.1,4.2,0.2494,Liberica
52.17,26.57,0.9287,9.97,6.8,3.66,0.1589,Arábica
51.94,26.54,0.9266,8.61,7.92,4.34,0.1785,Robusta
96.48,35.05,0.9868,13.36,9.03,4.36,0.3078,Liberica
44.82,23.57,1.0135,7.74,7.19,4.03,0.1508,Robusta
72.77,31.52,0.9206,12.62,7.16,5.05,0.2382,Liberica
37.45,22.04,0.9689,8.54,5.45,4.18,0.1193,Robusta
48.44,25.26,0.954,8.86,7.12,4.55,0.1574,Robusta
46.51,24.66,0.9613,8.17,7.08,4.11,0.1517,Robusta
49.74,25.81,0.9385,9.71,6.77,3.5,0.1454,Arábica
52.98,26.19,0.9705,9.64,6.92,3.93,0.1826,Arábica
75.58,32.4,0.9047,11.9,8.05,4.34,0.267,Liberica
52.65,26.87,0.9164,9.59,6.99,4.43,0.1775,Robusta
62.45,30.1,0.8661,10.75,7.6,4.09,0.214,Liberica
51.39,25.94,0.96,9.64,6.77,3.96,0.161,Arábica
36.73,22.06,0.9485,6.98,6.6,4.21,0.1221,Robusta
51.58,26.55,0.9192,9.89,6.71,3.97,0.1708,Arábica
40.82,23.23,0.9505,8.06,6.67,4.24,0.1324,Robusta
77.19,32.13,0.9399,12.18,7.9,4.29,0.2371,Liberica
43.66,23.79,0.9692,8.21,6.67,3.95,0.1388,Robusta
