edad,ingresos,compras,visitas,gasto,membresía,segmento
23,3205.6,5,8,68.7,Básica,Bajo
62,4301.9,3,15,599.2,Oro,Alto
55,3591.4,4,8,563.6,Oro,Alto
43,400.0,4,7,317.6,Básica,Bajo
42,3195.7,4,13,301.7,Premium,Medio
66,2893.6,2,4,0.0,Básica,Bajo
22,3338.1,4,13,327.7,Premium,Alto
57,4901.1,2,8,288.1,Básica,Medio
29,400.0,0,1,0.0,Básica,Bajo
23,2031.6,3,11,674.1,Oro,Alto
48,3568.2,4,15,530.5,Oro,Alto
73,743.9,4,10,333.0,Premium,Medio
59,4718.7,5,12,721.2,Oro,Alto
61,3278.9,5,13,499.1,Premium,Alto
58,3900.6,7,15,691.9,Premium,Alto
62,2057.8,2,8,313.0,Premium,Medio
47,3857.9,1,2,92.0,Básica,Medio
25,4189.0,2,3,24.8,Básica,Bajo
65,3102.7,2,3,156.5,Básica,Medio
43,3104.7,2,6,385.8,Premium,Alto
46,3151.4,1,5,25.6,Básica,Bajo
39,1677.7,4,7,448.1,Básica,Medio
28,2608.2,2,4,233.5,Premium,Medio
70,2601.7,3,8,162.8,Básica,Bajo
62,3298.4,1,3,101.4,Básica,Bajo
54,4099.8,2,8,176.1,Premium,Medio
40,1423.9,5,12,608.5,Oro,Alto
64,2637.5,4,7,255.5,Básica,Medio
49,4725.9,4,8,114.3,Básica,Medio
43,1833.3,3,8,93.4,Básica,Bajo
43,1731.1,4,9,424.3,Premium,Alto
30,3063.0,7,13,467.6,Premium,Alto
23,3897.7,1,3,62.6,Básica,Bajo
49,2814.9,3,5,300.5,Premium,Medio
68,4527.6,1,4,31.4,Básica,Bajo
21,3913.8,2,7,154.5,Básica,Medio
66,3894.4,5,12,509.7,Oro,Alto
65,3520.4,2,4,296.7,Básica,Medio
33,5825.9,5,8,141.4,Básica,Medio
54,2533.3,2,4,17.5,Básica,Bajo
27,400.0,3,9,306.7,Premium,Medio
61,4885.5,4,12,729.7,Oro,Alto
57,2205.0,5,11,501.0,Oro,Alto
38,2940.2,3,8,171.3,Básica,Medio
21,4502.4,2,4,112.0,Básica,Medio
73,717.1,3,9,369.1,Premium,Medio
43,1172.9,2,6,170.9,Básica,Bajo
68,718.3,5,12,680.6,Oro,Alto
56,1767.6,3,12,293.6,Premium,Medio
62,3371.5,1,2,59.9,Básica,Bajo
61,3481.4,2,5,127.7,Premium,Medio
29,3159.2,1,2,57.8,Básica,Bajo
38,963.4,2,4,0.0,Básica,Bajo
44,400.0,6,12,389.3,Premium,Medio
46,2870.7,5,9,269.2,Premium,Medio
20,2186.7,3,8,328.9,Premium,Medio
49,3397.2,3,10,272.6,Premium,Medio
26,3712.5,6,12,683.6,Oro,Alto
60,2979.7,4,10,492.5,Oro,Alto
56,3788.2,5,12,320.8,Premium,Alto
70,3098.0,2,5,181.9,Básica,Medio
60,3489.1,4,8,354.1,Premium,Alto
38,1883.9,3,10,619.3,Oro,Alto
73,2566.5,2,5,186.7,Básica,Medio
41,3055.8,2,7,19.9,Básica,Bajo
36,3866.7,2,6,133.1,Básica,Medio
69,2288.1,1,2,0.0,Básica,Bajo
39,3477.5,4,9,527.5,Premium,Alto
22,2454.4,1,3,18.0,Básica,Bajo
44,2647.2,6,11,514.3,Premium,Alto
63,3878.4,5,9,578.2,Premium,Alto
28,400.0,6,14,606.2,Premium,Alto
44,1114.6,2,4,149.6,Básica,Bajo
25,873.2,3,8,105.5,Básica,Bajo
57,400.0,2,3,335.0,Premium,Medio
45,1918.3,3,13,380.1,Premium,Medio
36,3774.3,1,4,106.7,Básica,Medio
30,2429.7,4,11,601.4,Oro,Alto
50,3057.1,1,6,90.9,Básica,Bajo
56,4216.0,4,11,638.0,Oro,Alto
71,4526.0,2,6,0.0,Básica,Bajo
42,2710.1,1,3,59.9,Básica,Bajo
27,4559.7,1,5,118.9,Premium,Medio
65,2919.8,1,5,59.9,Básica,Bajo
53,1711.4,3,5,219.9,Básica,Bajo
57,2027.3,4,8,68.3,Básica,Bajo
23,875.3,2,4,120.2,Básica,Bajo
35,1645.4,3,7,386.7,Premium,Medio
61,2334.6,1,3,0.0,Básica,Bajo
65,3844.7,2,5,264.9,Premium,Alto
42,5037.0,5,12,314.9,Premium,Alto
63,1003.2,2,8,0.0,Básica,Bajo
65,3310.7,2,4,1.4,Básica,Bajo
40,1447.3,3,7,647.0,Oro,Alto
69,3417.1,8,16,714.7,Premium,Alto
34,2629.6,4,9,492.2,Premium,Alto
31,419.8,4,10,444.3,Premium,Medio
56,4006.8,3,10,56.6,Básica,Bajo
54,2013.5,2,3,136.1,Básica,Bajo
25,2105.9,4,10,366.8,Premium,Medio
65,1409.3,2,8,68.2,Básica,Bajo
29,1949.4,2,7,243.8,Premium,Medio
63,3356.3,5,10,499.0,Premium,Alto
18,2554.0,5,8,446.0,Premium,Alto
63,3227.3,4,7,330.7,Básica,Medio
62,3270.5,2,4,40.4,Básica,Bajo
62,4516.9,4,6,79.3,Básica,Medio
55,2354.4,4,8,254.4,Básica,Medio
44,880.1,1,4,307.0,Premium,Medio
58,4187.4,3,6,159.4,Básica,Medio
33,2369.1,1,3,0.0,Básica,Bajo
62,4249.0,3,9,149.2,Básica,Medio
49,3298.4,1,3,0.0,Básica,Bajo
44,2629.5,3,9,446.4,Premium,Alto
46,3253.4,5,9,383.9,Básica,Medio
50,5336.3,5,8,807.0,Oro,Alto
20,5500.1,3,8,219.0,Básica,Medio
25,2890.2,6,13,235.2,Premium,Medio
31,3008.2,2,6,79.5,Básica,Bajo
24,4199.1,2,8,255.0,Básica,Medio
43,1700.6,5,14,501.1,Oro,Alto
56,3233.0,3,11,482.4,Oro,Alto
55,2766.4,4,11,580.8,Oro,Alto
44,3208.1,1,5,74.2,Básica,Bajo
66,1716.6,2,7,280.7,Básica,Medio
50,733.6,3,12,273.2,Premium,Medio
22,400.0,6,10,119.4,Básica,Bajo
61,1347.4,3,11,436.5,Premium,Alto
50,2203.7,3,8,219.8,Premium,Medio
54,2418.9,3,7,368.3,Premium,Alto
50,5318.4,2,5,279.9,Premium,Alto
49,4237.8,4,9,504.7,Premium,Alto
23,1549.3,1,6,97.2,Básica,Bajo
49,3252.0,2,4,84.5,Básica,Bajo
63,2270.8,5,11,386.0,Premium,Alto
35,2430.3,4,8,203.1,Básica,Medio
52,3040.9,3,6,452.2,Básica,Alto
19,3604.9,2,5,122.9,Básica,Medio
37,2359.0,5,15,461.6,Premium,Alto
42,4183.0,2,7,145.9,Premium,Medio
74,1315.5,2,5,239.4,Premium,Medio
30,2808.2,1,6,36.5,Básica,Bajo
33,6177.0,3,8,133.1,Básica,Medio
41,3090.0,5,10,366.4,Premium,Alto
74,4663.2,1,3,187.5,Básica,Medio
66,2919.0,3,14,443.1,Premium,Alto
19,3555.0,3,6,391.9,Premium,Alto
31,2726.2,1,3,0.0,Básica,Bajo
64,2578.5,2,4,169.7,Básica,Medio
21,1786.7,0,0,0.0,Básica,Bajo
66,3359.4,5,8,466.4,Oro,Alto
34,1693.0,2,6,290.3,Premium,Medio
70,3665.3,2,6,154.6,Básica,Medio
34,4210.9,10,23,255.9,Oro,Alto
42,3276.5,4,9,128.5,Básica,Medio
55,2427.9,3,7,162.6,Básica,Bajo
25,3390.2,3,8,552.7,Oro,Alto
49,2398.7,1,6,0.0,Básica,Bajo
46,4016.2,2,6,51.1,Básica,Bajo
62,419.2,1,5,276.9,Premium,Medio
74,2363.7,2,8,12.9,Básica,Bajo
55,400.0,3,5,368.1,Premium,Medio
41,856.4,1,7,0.0,Básica,Bajo
41,4573.0,2,5,0.0,Básica,Bajo
41,3963.7,5,9,190.6,Básica,Medio
64,1864.7,1,3,68.4,Básica,Bajo
36,846.7,3,8,202.1,Básica,Bajo
27,400.0,3,6,117.1,Básica,Bajo
37,2093.5,5,15,576.4,Oro,Alto
19,5946.5,2,5,205.1,Básica,Medio
24,3365.3,4,8,0.0,Básica,Bajo
23,2072.6,3,6,257.3,Básica,Medio
61,3404.6,3,6,225.8,Básica,Medio
59,770.8,2,3,153.8,Básica,Bajo
57,2413.5,5,13,448.6,Premium,Alto
44,2929.3,3,7,37.3,Básica,Bajo
58,2688.1,6,13,774.8,Oro,Alto
27,3828.0,5,11,629.7,Oro,Alto
69,3248.0,2,4,35.6,Básica,Bajo
46,3668.8,5,10,203.0,Básica,Medio
71,1905.1,7,12,137.4,Básica,Bajo
26,3967.2,1,4,177.2,Premium,Medio
46,4917.6,4,8,240.8,Básica,Medio
57,1538.8,6,19,639.3,Oro,Alto
46,1646.0,4,9,571.2,Premium,Alto
43,4536.5,4,7,373.8,Premium,Alto
27,2551.3,4,8,439.2,Premium,Alto
39,4625.0,6,15,755.4,Oro,Alto
31,2224.7,2,5,135.0,Básica,Bajo
35,4691.6,1,4,0.0,Básica,Bajo
56,2970.9,1,4,51.6,Básica,Bajo
53,3135.7,2,6,493.2,Oro,Alto
52,4834.1,6,10,562.8,Premium,Alto
38,2329.7,3,9,421.5,Premium,Alto
72,1576.5,3,5,186.1,Básica,Bajo
22,2216.9,2,6,451.3,Oro,Alto
37,3388.0,2,4,42.7,Básica,Bajo
24,764.5,3,6,110.5,Básica,Bajo
37,3628.7,9,18,683.5,Oro,Alto
72,2099.6,2,5,108.2,Básica,Bajo
38,4292.2,1,2,0.0,Básica,Bajo
69,400.0,4,7,452.7,Premium,Medio
46,1777.5,3,6,0.0,Básica,Bajo
57,607.6,1,6,38.2,Básica,Bajo
44,1725.9,1,3,28.3,Básica,Bajo
33,3122.0,4,8,155.1,Básica,Medio
61,2567.0,5,13,740.2,Oro,Alto
73,2470.6,4,9,350.5,Premium,Medio
33,2593.1,1,3,89.5,Básica,Bajo
62,3064.4,1,4,221.7,Básica,Medio
32,1488.9,5,10,344.6,Básica,Medio
58,3718.9,2,5,275.5,Premium,Alto
62,3661.5,3,6,482.1,Oro,Alto
43,3300.5,6,13,574.4,Oro,Alto
60,3523.5,3,5,137.6,Básica,Medio
33,3185.3,3,6,88.8,Básica,Bajo
22,5445.6,4,6,145.0,Básica,Medio
23,2686.8,2,7,244.9,Premium,Medio
43,2400.8,1,3,27.4,Básica,Bajo
69,1820.4,4,9,492.3,Premium,Alto
25,1458.1,2,6,210.0,Premium,Medio
43,1182.2,2,7,4.7,Básica,Bajo
58,1644.6,3,6,130.4,Básica,Bajo
29,2708.1,1,2,0.0,Básica,Bajo
59,3234.6,4,7,292.5,Básica,Medio
35,2866.5,2,6,137.4,Básica,Bajo
64,1804.8,2,7,157.2,Premium,Medio
51,3970.2,5,11,267.3,Básica,Medio
49,3761.2,1,4,48.7,Básica,Bajo
28,2592.5,2,8,268.2,Premium,Medio
44,1951.2,4,10,303.2,Premium,Medio
66,3513.0,2,4,244.6,Básica,Medio
19,3044.4,3,12,292.7,Premium,Medio
61,917.4,3,6,578.4,Oro,Alto
46,2711.6,2,4,301.0,Premium,Medio
59,3140.6,4,8,348.1,Premium,Alto
55,1630.4,1,2,178.5,Básica,Bajo
42,3046.8,5,17,575.3,Oro,Alto
35,908.7,2,3,0.0,Básica,Bajo
53,4537.0,4,10,603.4,Oro,Alto
25,4422.3,3,15,352.4,Premium,Alto
51,2471.7,5,10,217.8,Básica,Medio
23,3272.5,3,9,41.4,Básica,Bajo
55,400.0,2,4,191.9,Premium,Medio
53,1296.7,8,16,349.2,Premium,Medio
22,2418.1,3,5,206.6,Básica,Medio
61,1406.2,2,3,88.6,Premium,Bajo
41,3728.7,4,14,586.5,Oro,Alto
62,5396.5,4,7,111.2,Básica,Medio
20,1270.4,3,8,247.7,Básica,Bajo
28,1711.3,5,10,142.4,Básica,Bajo
46,3106.1,6,13,214.7,Premium,Medio
28,4894.5,2,9,72.0,Básica,Medio
36,1210.9,3,15,428.0,Oro,Alto
55,3123.7,1,4,134.9,Básica,Medio
26,5167.7,3,10,378.7,Premium,Alto
56,652.7,1,3,14.7,Básica,Bajo
23,1134.6,5,8,294.9,Básica,Medio
27,2249.3,5,13,356.5,Premium,Medio
51,2123.2,3,5,75.1,Básica,Bajo
63,3856.4,3,5,361.7,Premium,Alto
27,3114.2,7,15,710.1,Oro,Alto
35,492.5,4,11,481.7,Oro,Alto
70,3470.0,9,16,930.6,Oro,Alto
74,2049.2,2,4,86.9,Básica,Bajo
51,4456.8,4,8,121.4,Premium,Medio
43,1984.1,6,11,654.4,Oro,Alto
37,1972.4,2,5,30.6,Básica,Bajo
52,3503.5,2,6,246.4,Básica,Medio
51,3791.8,4,8,421.0,Premium,Alto
34,3382.5,1,3,33.7,Básica,Bajo
19,608.7,3,5,360.4,Premium,Medio
26,3499.4,2,11,394.1,Oro,Alto
72,1455.4,1,7,200.1,Premium,Medio
41,3105.9,7,18,503.9,Básica,Alto
45,949.1,3,11,156.9,Básica,Bajo
44,3380.2,2,4,62.6,Básica,Bajo
62,1751.4,1,5,42.4,Básica,Bajo
21,1132.6,5,10,547.7,Premium,Alto
22,3728.0,2,6,289.6,Premium,Alto
33,3114.1,6,11,287.1,Básica,Medio
45,2001.8,3,9,241.2,Básica,Medio
56,4686.5,2,10,518.3,Oro,Alto
45,2227.2,1,7,58.3,Básica,Bajo
43,2841.7,2,4,300.0,Premium,Medio
71,3149.6,4,7,27.2,Básica,Bajo
27,1994.4,5,9,315.4,Premium,Medio
50,3412.5,3,9,148.8,Básica,Medio
48,2106.5,4,11,462.5,Premium,Alto
44,2264.9,1,6,36.3,Básica,Bajo
64,4571.4,3,8,373.7,Premium,Alto
33,1447.2,4,8,215.9,Básica,Bajo
72,400.0,1,4,0.0,Básica,Bajo
36,4894.2,1,2,361.1,Premium,Alto
49,6114.1,6,10,327.3,Básica,Alto
47,2273.1,1,7,0.0,Básica,Bajo
66,400.0,1,4,41.9,Básica,Bajo
43,2396.4,3,11,98.9,Básica,Bajo
34,2427.9,2,7,215.0,Básica,Medio
19,2553.1,5,18,665.3,Oro,Alto
38,1352.6,4,8,202.2,Básica,Bajo
65,3553.4,1,6,287.6,Premium,Alto
18,3481.9,4,8,612.6,Oro,Alto
69,857.3,2,4,91.2,Básica,Bajo
48,3709.0,6,11,527.2,Premium,Alto
25,5468.5,5,10,531.7,Oro,Alto
35,3023.5,2,7,291.9,Premium,Medio
49,2361.5,1,4,29.2,Básica,Bajo
35,2615.4,1,2,50.1,Básica,Bajo
24,3599.8,3,5,115.7,Básica,Medio
55,550.1,5,8,336.4,Premium,Medio
56,3013.7,4,10,647.9,Oro,Alto
24,2292.4,4,11,501.6,Oro,Alto
34,5202.2,2,6,100.6,Básica,Medio
31,2573.6,2,7,360.0,Premium,Alto
55,4968.3,3,5,56.5,Básica,Medio
59,1365.1,3,9,600.6,Oro,Alto
59,3563.4,4,12,366.8,Básica,Medio
71,3215.2,4,11,656.3,Oro,Alto
61,1670.2,3,10,424.8,Premium,Alto
36,3030.6,4,12,143.9,Básica,Medio
24,4376.3,3,5,51.0,Básica,Medio
53,2379.1,2,7,264.2,Premium,Medio
70,600.4,3,6,252.5,Básica,Bajo
73,2777.2,3,8,366.7,Premium,Alto
31,1626.8,2,8,554.8,Oro,Alto
31,2355.0,2,12,301.0,Premium,Medio
20,2693.9,3,10,135.1,Básica,Bajo
26,582.7,3,12,40.2,Básica,Bajo
49,699.6,1,3,119.7,Básica,Bajo
49,3426.7,6,12,696.0,Oro,Alto
39,2120.5,2,5,31.0,Básica,Bajo
35,400.0,2,4,121.8,Básica,Bajo
65,3820.3,2,6,2.4,Básica,Bajo
44,3154.1,8,17,1034.7,Oro,Alto
64,1872.0,3,7,76.6,Básica,Bajo
72,1088.1,3,12,711.8,Oro,Alto
36,3886.6,5,16,400.4,Premium,Alto
29,3254.2,3,7,330.4,Premium,Alto
72,5897.4,6,12,714.5,Oro,Alto
54,3346.2,3,8,206.5,Premium,Medio
34,3304.0,2,8,483.8,Oro,Alto
53,2583.0,3,5,64.9,Básica,Bajo
47,3861.8,2,7,237.0,Premium,Medio
69,3612.6,5,9,459.2,Premium,Alto
32,4427.2,6,11,581.8,Premium,Alto
74,2122.3,7,14,511.5,Oro,Alto
71,2234.0,8,16,907.5,Oro,Alto
28,2177.2,2,7,315.0,Premium,Medio
27,3828.0,3,6,0.0,Básica,Bajo
48,4747.9,6,12,378.7,Básica,Alto
20,2203.5,2,4,0.0,Básica,Bajo
35,2247.8,2,6,105.3,Básica,Bajo
42,3208.3,1,4,32.1,Básica,Bajo
73,2480.5,3,10,134.9,Básica,Bajo
74,4037.7,0,1,0.0,Básica,Bajo
26,400.0,3,8,326.6,Premium,Medio
68,1725.3,5,9,387.7,Básica,Medio
23,1782.9,6,12,558.2,Oro,Alto
60,400.0,4,8,238.7,Premium,Medio
66,1547.3,0,1,36.4,Básica,Bajo
68,1610.3,2,5,168.2,Básica,Bajo
30,2538.6,3,8,0.0,Básica,Bajo
68,4246.9,3,10,684.8,Oro,Alto
24,2481.4,2,8,173.5,Básica,Bajo
47,1459.9,2,6,368.2,Premium,Medio
44,2726.0,2,8,470.5,Oro,Alto
36,4163.9,4,10,421.6,Oro,Alto
19,1531.3,2,7,153.9,Básica,Bajo
62,1616.3,2,7,19.8,Básica,Bajo
37,3526.1,1,4,88.6,Básica,Bajo
55,2512.0,3,7,131.4,Básica,Bajo
41,3641.7,2,5,58.4,Básica,Bajo
39,2782.3,1,3,180.2,Premium,Medio
68,3712.2,3,13,590.5,Oro,Alto
23,1454.4,3,5,286.2,Premium,Medio
59,2784.3,4,10,449.0,Premium,Alto
60,2526.1,3,6,296.9,Básica,Medio
39,1219.3,3,8,443.9,Premium,Medio
32,767.5,4,8,539.6,Premium,Alto
18,3691.5,4,8,570.6,Oro,Alto
71,2343.8,6,17,925.0,Oro,Alto
72,1471.0,2,5,102.2,Básica,Bajo
31,2675.0,3,9,0.0,Básica,Bajo
19,4266.4,3,6,266.0,Básica,Medio
24,400.0,2,5,169.7,Básica,Bajo
21,854.4,2,11,513.3,Oro,Alto
65,1600.2,2,4,0.0,Básica,Bajo
68,4699.5,4,8,283.7,Premium,Alto
26,3167.4,3,11,209.8,Premium,Medio
60,3797.5,4,6,329.2,Básica,Medio
28,1317.8,1,4,0.0,Básica,Bajo
38,1344.6,3,8,419.8,Premium,Medio
52,3382.2,1,2,175.4,Premium,Medio
59,2875.8,2,5,0.0,Básica,Bajo
67,3513.4,3,8,34.1,Básica,Bajo
20,2556.0,4,9,261.5,Premium,Medio
29,3161.6,3,11,201.2,Básica,Medio
33,3005.6,3,9,430.6,Oro,Alto
35,3811.1,2,5,48.4,Básica,Bajo
74,3849.1,4,9,0.0,Básica,Bajo
62,694.2,2,7,0.0,Básica,Bajo
36,400.0,3,10,460.3,Premium,Medio
73,4102.3,3,7,503.2,Premium,Alto
46,4344.0,1,3,55.9,Básica,Medio
46,1473.2,3,9,433.6,Oro,Alto
42,400.0,0,0,0.0,Básica,Bajo
26,2928.7,3,5,176.9,Básica,Medio
71,4010.1,1,5,0.0,Básica,Bajo
18,5136.9,3,6,129.6,Básica,Medio
27,3471.2,4,9,443.5,Premium,Alto
31,2316.8,1,3,0.0,Básica,Bajo
33,1638.9,3,6,261.7,Premium,Medio
25,2814.9,4,9,259.0,Básica,Medio
19,2411.0,5,11,707.6,Oro,Alto
56,1480.4,3,8,180.6,Básica,Bajo
73,5463.4,5,10,679.8,Oro,Alto
24,5120.7,4,7,252.4,Básica,Medio
34,4276.9,2,5,182.5,Básica,Medio
46,1602.9,4,8,368.1,Premium,Medio
70,3911.5,4,8,376.6,Premium,Alto
57,3631.5,3,6,182.4,Premium,Medio
61,3375.3,3,6,69.2,Básica,Bajo
51,4424.6,3,12,319.1,Premium,Alto
41,3626.0,4,14,688.9,Oro,Alto
29,3762.0,2,5,124.6,Premium,Medio
67,3628.0,0,1,0.0,Básica,Bajo
63,3243.0,5,12,532.6,Premium,Alto
19,481.3,3,6,188.3,Premium,Medio
58,2908.7,5,8,552.0,Oro,Alto
22,2077.0,2,5,71.0,Básica,Bajo
60,1136.2,5,11,258.1,Básica,Bajo
65,4986.4,3,10,482.9,Premium,Alto
25,5047.7,4,10,431.3,Premium,Alto
42,4567.0,1,7,339.4,Premium,Alto
25,3131.8,2,4,68.6,Básica,Bajo
50,4555.8,3,6,54.6,Básica,Medio
70,2815.7,3,7,265.7,Premium,Medio
22,3063.6,2,5,19.5,Básica,Bajo
40,1378.5,3,8,210.5,Básica,Bajo
73,3316.1,2,11,287.6,Premium,Medio
35,2878.5,3,11,253.9,Premium,Medio
25,1106.6,4,7,690.7,Oro,Alto
45,2733.4,3,5,21.3,Básica,Bajo
46,2696.4,3,8,226.0,Básica,Medio
55,5136.8,4,12,511.1,Oro,Alto
35,3962.5,3,7,217.6,Básica,Medio
72,2814.9,3,7,0.0,Básica,Bajo
47,3123.4,3,10,172.0,Básica,Medio
34,2857.5,2,8,307.1,Premium,Medio
72,2536.2,4,12,614.9,Oro,Alto
70,1392.8,1,4,280.1,Premium,Medio
46,2603.6,4,11,177.2,Premium,Medio
19,1830.1,1,4,117.2,Básica,Bajo
52,1174.6,2,4,55.8,Básica,Bajo
49,3464.6,2,6,136.2,Básica,Medio
26,3308.6,2,6,176.2,Básica,Medio
54,477.3,3,7,139.6,Básica,Bajo
65,2640.5,3,8,30.3,Básica,Bajo
24,4094.4,4,7,189.0,Básica,Medio
59,4177.0,2,4,231.0,Premium,Medio
25,4133.6,2,8,404.1,Premium,Alto
60,2850.6,3,6,171.2,Básica,Medio
41,1701.4,3,6,212.1,Básica,Bajo
18,1391.2,2,5,282.0,Premium,Medio
73,3248.0,4,11,324.6,Premium,Alto
27,3293.1,2,7,265.2,Premium,Medio
51,4473.5,2,9,125.1,Básica,Medio
28,4230.0,7,12,393.5,Premium,Alto
71,2628.1,3,7,116.2,Básica,Bajo
60,1182.5,2,6,181.0,Básica,Bajo
63,2385.2,2,4,87.2,Básica,Bajo
42,3082.4,1,5,77.3,Básica,Bajo
44,2537.3,1,4,192.6,Básica,Medio
54,2048.7,4,9,211.1,Básica,Medio
62,3128.8,2,6,287.6,Premium,Medio
66,2144.9,1,1,60.2,Básica,Bajo
19,1983.5,4,8,66.7,Básica,Bajo
55,3204.9,3,7,77.5,Básica,Bajo
24,2277.4,1,2,92.4,Básica,Bajo
34,3117.3,0,1,68.0,Básica,Bajo
65,3155.2,1,3,121.1,Básica,Bajo
32,1318.7,1,3,0.0,Básica,Bajo
63,2174.4,4,14,456.6,Premium,Alto
44,4669.1,2,8,499.8,Oro,Alto
31,1289.3,1,2,0.0,Básica,Bajo
37,400.0,2,8,413.9,Premium,Medio
48,400.0,5,11,588.6,Oro,Alto
61,2837.8,3,10,575.9,Oro,Alto
52,2840.2,3,6,280.6,Premium,Medio
71,2647.1,2,9,544.6,Oro,Alto
67,4378.4,4,18,742.9,Oro,Alto
60,400.0,2,7,366.9,Premium,Medio
52,3314.7,2,6,0.0,Básica,Bajo
34,4829.9,2,4,215.7,Básica,Medio
41,1333.9,3,9,189.3,Básica,Bajo
24,2306.3,2,6,54.8,Básica,Bajo
39,1821.2,4,13,0.0,Básica,Bajo
70,1637.4,2,5,130.0,Básica,Bajo
42,2375.9,4,10,376.4,Premium,Alto
24,4655.7,4,7,389.4,Premium,Alto
55,5188.6,2,7,365.2,Premium,Alto
72,2363.3,3,6,99.8,Básica,Bajo
67,5276.6,2,5,0.0,Básica,Medio
33,2846.2,6,11,326.6,Premium,Medio
43,5079.8,6,14,439.3,Premium,Alto
48,2678.7,3,11,503.8,Oro,Alto
32,2970.4,3,6,401.5,Oro,Alto
33,3275.1,11,20,953.9,Oro,Alto
31,6932.5,2,5,189.7,Básica,Alto
74,3906.7,4,7,226.2,Básica,Medio
60,1880.6,3,5,96.9,Básica,Bajo
65,4059.7,3,11,176.5,Premium,Medio
64,2329.6,4,8,596.0,Oro,Alto
72,2163.3,2,5,133.1,Básica,Bajo
24,3981.2,3,7,422.7,Premium,Alto
68,2840.4,2,6,32.8,Básica,Bajo
21,3162.1,6,11,272.1,Básica,Medio
45,2818.2,3,6,302.8,Básica,Medio
51,3237.6,3,7,147.3,Básica,Medio
38,3352.5,3,13,354.5,Oro,Alto
26,400.0,2,5,182.8,Básica,Bajo
28,3666.5,3,5,450.0,Premium,Alto
65,1523.4,4,8,273.1,Premium,Medio
36,925.0,1,6,52.6,Básica,Bajo
35,2724.1,0,0,0.0,Básica,Bajo
70,2909.2,6,11,460.6,Premium,Alto
26,1898.4,2,4,100.0,Básica,Bajo
70,3880.3,2,9,574.1,Oro,Alto
70,1055.2,2,5,63.3,Básica,Bajo
52,2271.0,2,9,456.7,Premium,Alto
27,2039.7,3,9,315.7,Premium,Medio
26,2739.4,4,9,187.8,Básica,Medio
34,3162.5,1,2,0.0,Básica,Bajo
50,1489.7,7,21,532.4,Oro,Alto
26,3741.6,5,9,212.9,Básica,Medio
43,2881.9,3,6,229.6,Básica,Medio
24,400.0,1,4,79.2,Básica,Bajo
48,400.0,2,6,132.7,Básica,Bajo
19,2784.0,4,9,417.2,Premium,Alto
58,2512.7,6,12,342.8,Premium,Medio
21,2665.6,2,7,151.5,Básica,Bajo
29,2763.6,4,8,486.8,Premium,Alto
27,3093.2,4,8,385.6,Básica,Medio
65,4031.9,2,4,128.3,Básica,Medio
21,1355.6,4,8,416.6,Premium,Medio
42,1276.4,2,7,535.9,Oro,Alto
51,1378.7,1,4,0.0,Básica,Bajo
47,3175.6,2,6,0.0,Básica,Bajo
56,4418.4,6,10,257.1,Premium,Alto
63,2239.3,3,5,377.7,Premium,Alto
40,400.0,6,11,133.2,Básica,Bajo
65,584.8,2,7,0.0,Básica,Bajo
36,1717.1,2,5,290.4,Premium,Medio
74,2075.0,1,5,25.2,Básica,Bajo
46,2269.1,2,5,10.3,Básica,Bajo
59,2850.2,2,8,32.4,Básica,Bajo
67,2394.7,3,6,65.4,Básica,Bajo
63,4164.1,1,3,6.4,Básica,Bajo
66,1921.2,8,17,758.6,Oro,Alto
48,1679.0,9,15,92.8,Premium,Bajo
20,3422.5,4,8,260.1,Premium,Medio
46,803.7,1,6,429.7,Oro,Alto
28,3306.6,2,3,111.7,Básica,Bajo
68,2933.3,3,7,230.0,Básica,Medio
31,2608.3,4,10,537.9,Oro,Alto
30,4864.8,2,5,46.4,Básica,Medio
32,1991.1,9,16,625.2,Premium,Alto
54,5478.4,6,15,577.5,Premium,Alto
50,2506.9,3,7,211.3,Básica,Medio
72,1139.9,2,6,63.8,Básica,Bajo
41,2890.9,2,7,105.9,Básica,Bajo
34,1400.9,3,6,324.5,Básica,Medio
20,1822.7,1,5,46.7,Básica,Bajo
18,3316.1,3,7,160.1,Básica,Medio
39,3522.3,3,8,479.8,Premium,Alto
70,1991.2,4,13,765.8,Oro,Alto
47,4083.6,3,8,370.9,Premium,Alto
68,4304.8,2,4,122.1,Básica,Medio
23,4667.2,2,7,133.8,Básica,Medio
23,3488.2,1,5,0.0,Básica,Bajo
65,4572.5,2,4,76.7,Básica,Medio
24,400.0,9,16,1136.9,Oro,Alto
20,2386.7,1,2,146.0,Básica,Bajo
41,1672.9,2,7,107.5,Básica,Bajo
70,2955.0,2,11,358.8,Premium,Alto
57,2057.1,2,7,0.0,Básica,Bajo
23,2584.0,2,6,63.4,Básica,Bajo
65,5246.8,4,7,210.6,Básica,Medio
66,2579.4,4,8,554.1,Premium,Alto
63,3337.9,2,6,258.2,Premium,Medio
69,2498.0,4,6,175.9,Básica,Medio
31,2898.4,5,13,829.2,Oro,Alto
73,2807.8,3,11,475.3,Oro,Alto
36,3382.8,5,13,615.2,Premium,Alto
63,4314.9,1,4,71.0,Básica,Medio
51,4941.6,6,10,401.8,Básica,Alto
62,3202.5,4,13,682.7,Oro,Alto
53,3566.4,4,8,153.9,Básica,Medio
54,1303.9,3,9,426.1,Premium,Medio
53,2685.8,5,9,286.5,Premium,Medio
62,4022.4,2,5,67.0,Básica,Bajo
60,3925.8,3,7,408.8,Premium,Alto
25,3075.1,2,6,472.6,Oro,Alto
65,3952.3,3,6,341.8,Premium,Alto
48,3438.0,3,6,166.2,Básica,Medio
36,4360.4,3,11,576.4,Oro,Alto
47,3176.2,4,7,282.6,Premium,Medio
73,2337.6,2,8,296.2,Premium,Medio
66,3236.6,2,7,156.5,Premium,Medio
65,400.0,2,6,216.9,Premium,Medio
44,3297.8,2,7,95.0,Básica,Bajo
62,400.0,2,5,68.9,Básica,Bajo
39,559.5,2,6,38.9,Básica,Bajo
57,3387.3,1,2,186.8,Premium,Medio
54,3420.8,1,6,175.7,Premium,Medio
32,1288.8,2,9,320.6,Premium,Medio
33,1874.3,2,3,0.0,Básica,Bajo
21,4581.7,5,12,301.9,Premium,Alto
25,2170.8,3,7,385.6,Oro,Alto
42,5715.8,0,1,33.5,Básica,Medio
45,2797.5,7,15,327.6,Premium,Medio
27,3330.4,2,9,308.1,Premium,Alto
41,4901.9,3,9,429.6,Premium,Alto
52,2970.3,4,8,359.4,Básica,Medio
31,1497.0,2,6,128.1,Premium,Medio
37,2657.4,8,15,886.1,Oro,Alto
38,2753.7,4,8,304.5,Premium,Medio
46,1025.8,7,13,779.2,Oro,Alto
38,2467.4,3,12,474.0,Oro,Alto
60,1835.2,2,7,144.0,Básica,Bajo
36,4001.7,2,8,319.5,Premium,Alto
42,2845.0,4,7,39.7,Básica,Bajo
39,2432.4,5,9,577.7,Oro,Alto
28,2662.0,4,7,37.8,Básica,Bajo
57,3090.1,1,3,0.0,Básica,Bajo
31,3601.9,9,16,674.3,Oro,Alto
34,1500.4,1,2,45.5,Básica,Bajo
63,1445.9,2,4,255.9,Premium,Medio
72,4236.1,3,6,197.9,Básica,Medio
56,2264.0,3,11,487.9,Oro,Alto
70,958.1,4,16,502.5,Oro,Alto
66,3377.0,7,12,441.8,Básica,Alto
45,3402.4,3,9,337.2,Premium,Alto
61,810.1,3,8,204.0,Básica,Bajo
36,3098.3,3,10,343.5,Premium,Alto
44,3756.3,4,10,496.8,Premium,Alto
48,3286.7,10,18,767.8,Premium,Alto
72,3621.6,1,6,32.4,Básica,Bajo
66,974.5,1,5,126.8,Básica,Bajo
45,3230.4,6,12,448.5,Premium,Alto
55,2406.6,3,8,505.2,Premium,Alto
29,2172.4,2,7,0.0,Básica,Bajo
63,3931.7,0,0,0.0,Básica,Bajo
49,4723.1,2,6,0.0,Básica,Bajo
48,5132.7,4,12,790.8,Oro,Alto
61,4509.3,2,8,41.9,Básica,Medio
54,2657.3,1,2,2.5,Básica,Bajo
22,3258.5,6,12,488.1,Oro,Alto
34,3796.9,3,6,93.2,Básica,Medio
28,2957.5,7,13,438.5,Premium,Alto
59,2970.0,3,8,94.1,Básica,Bajo
20,3870.9,3,9,258.0,Oro,Alto
29,2722.9,8,13,634.6,Premium,Alto
52,1851.9,8,15,1033.8,Oro,Alto
57,2261.2,4,10,261.9,Básica,Medio
46,3624.1,2,7,428.2,Premium,Alto
67,2803.9,3,10,282.6,Premium,Medio
70,3242.3,2,6,105.0,Básica,Bajo
25,3671.1,3,7,31.0,Básica,Bajo
72,2312.7,1,4,82.4,Básica,Bajo
53,3783.1,7,12,670.7,Oro,Alto
54,3292.5,3,6,205.1,Premium,Medio
23,1194.7,4,10,247.9,Premium,Medio
53,4675.0,3,9,525.2,Premium,Alto
59,2149.0,6,12,436.1,Premium,Alto
51,648.4,6,12,242.3,Básica,Bajo
22,1441.4,0,2,0.0,Básica,Bajo
47,1472.6,5,11,454.2,Premium,Alto
71,2867.8,1,2,9.2,Básica,Bajo
59,2444.0,5,9,588.0,Oro,Alto
25,2362.1,1,5,254.2,Premium,Medio
72,3605.6,3,5,203.4,Básica,Medio
72,3241.8,2,6,327.9,Premium,Alto
27,3210.9,1,4,0.0,Básica,Bajo
63,3332.8,2,8,557.7,Oro,Alto
41,3601.0,4,14,750.2,Oro,Alto
51,400.0,5,17,634.2,Oro,Alto
43,2326.2,2,6,0.0,Básica,Bajo
62,400.0,2,5,125.7,Básica,Bajo
74,2846.9,2,6,20.1,Básica,Bajo
63,2794.0,5,8,259.4,Básica,Medio
71,4159.2,2,8,135.8,Básica,Medio
71,4343.9,3,6,79.9,Básica,Medio
23,3063.6,6,11,763.5,Oro,Alto
32,2149.5,5,10,109.9,Básica,Bajo
59,3430.7,3,7,326.6,Básica,Medio
51,2113.7,4,9,381.1,Premium,Medio
20,2798.2,3,13,250.4,Premium,Medio
23,4082.0,2,10,182.5,Premium,Medio
