embarazos,glucosa,presión_arterial,grosor_piel,insulina,imc,antecedentes_familiares,edad,diabetes
4,88.4,67.9,33.9,172.9,40.0,0.44,21,0
4,72.1,68.2,14.3,171.5,27.5,0.241,37,0
5,97.2,55.2,24.6,299.5,33.7,0.092,21,0
1,138.1,114.3,22.5,0.0,39.3,1.063,33,1
7,142.1,67.7,0.0,0.0,22.8,0.464,52,1
1,76.2,61.3,,0.0,32.1,0.578,52,0
4,88.6,69.5,19.2,50.7,23.2,1.179,21,0
2,96.9,30.9,14.3,0.0,24.2,0.287,36,0
2,108.6,54.6,24.0,56.1,27.6,0.13,21,0
6,76.4,87.7,38.1,17.4,35.8,0.196,21,0
3,74.5,57.1,14.9,170.1,29.5,0.118,31,0
1,93.7,53.3,3.1,,26.9,0.873,47,0
6,122.8,93.9,25.2,10.9,32.4,1.408,40,1
2,82.2,,,147.8,22.9,0.445,24,0
5,116.3,78.8,17.5,,35.4,0.67,41,0
0,153.9,60.4,15.3,0.0,40.9,0.795,21,0
3,78.3,64.5,55.9,,31.4,1.231,24,1
1,113.4,53.7,0.0,0.0,30.4,1.37,23,0
3,152.8,50.1,13.8,,35.0,0.08,33,1
4,106.6,49.2,19.9,0.0,16.0,0.247,30,0
0,101.6,57.3,7.5,88.5,36.2,0.408,31,1
2,157.2,49.3,34.4,0.0,56.5,0.222,30,1
2,110.2,39.3,33.0,21.0,31.0,0.327,33,0
3,155.3,73.2,19.2,0.0,31.1,0.552,39,1
2,133.7,73.5,15.7,99.7,37.9,0.541,34,1
4,109.0,101.3,18.2,129.0,45.0,0.778,29,0
5,135.4,56.3,18.3,126.3,39.7,0.415,37,0
3,130.3,74.6,18.7,81.4,15.0,0.08,42,0
5,152.7,74.9,,0.0,36.5,0.305,26,1
3,102.5,64.2,24.0,8.7,52.3,0.514,32,0
1,121.3,83.1,32.1,33.2,36.9,0.816,46,0
2,118.0,83.7,0.3,33.6,22.9,0.737,21,0
2,142.5,75.2,3.2,88.6,34.2,0.374,54,0
4,87.2,64.1,,243.9,21.9,0.234,21,0
3,152.5,62.2,33.9,173.4,41.7,0.387,28,0
5,134.9,43.0,24.0,0.0,24.4,0.08,21,0
3,77.9,53.7,28.1,158.0,32.6,0.253,58,0
4,158.7,57.2,0.0,153.6,25.2,0.92,27,0
5,191.5,,48.6,0.0,27.7,0.386,27,1
2,152.1,77.4,10.3,177.6,43.7,0.53,28,1
6,165.7,91.7,22.7,,32.8,0.113,34,0
3,122.7,51.7,33.7,0.0,27.6,0.812,29,0
1,66.8,74.4,,,23.0,0.359,31,0
9,61.0,49.4,11.3,105.0,17.2,0.517,21,0
2,128.2,63.2,22.9,53.8,22.1,0.6,33,0
2,101.1,55.9,65.7,75.7,32.9,0.792,33,0
2,90.7,80.4,24.8,0.0,39.7,0.46,45,1
3,118.0,56.1,45.7,150.2,27.6,0.365,48,0
4,139.7,88.2,39.3,75.0,44.4,0.14,30,1
1,73.5,64.3,25.9,99.1,26.3,0.103,42,0
3,105.6,56.7,4.2,,30.1,0.454,21,0
5,168.3,45.2,37.0,0.0,23.5,0.519,42,1
3,85.6,73.8,0.0,0.0,39.8,0.582,26,0
5,147.8,86.0,45.6,0.0,48.6,0.2,21,1
3,104.5,74.2,23.2,144.9,18.1,0.255,30,0
7,137.5,111.5,0.0,,29.3,0.448,49,1
3,155.1,96.2,14.6,95.2,42.0,0.283,35,1
5,143.7,63.2,30.5,122.7,20.6,1.789,50,0
4,149.1,63.0,16.2,149.3,36.5,0.251,24,1
3,83.1,77.9,31.4,0.0,41.6,0.545,45,1
2,155.6,53.1,6.4,72.5,32.6,0.722,25,0
2,92.7,91.2,0.0,272.1,36.3,0.753,35,0
3,128.3,75.9,18.9,277.1,45.9,0.279,35,1
1,128.3,,20.5,193.5,47.4,0.602,40,0
1,135.5,82.1,14.4,118.8,31.5,0.55,35,0
1,130.8,101.7,39.6,0.0,27.8,0.621,24,0
5,93.0,72.2,6.4,162.6,24.7,0.443,43,0
1,76.8,66.9,25.0,61.8,39.7,0.726,53,0
2,147.9,97.7,21.1,144.5,21.2,0.483,26,0
1,125.9,87.4,0.0,7.2,30.0,0.124,21,0
2,156.8,62.9,0.0,60.1,32.8,0.473,38,0
3,118.6,69.1,20.2,98.9,28.0,0.514,29,0
7,75.0,72.7,51.7,108.3,34.2,0.691,31,0
5,150.9,75.9,29.3,136.8,52.3,0.454,39,0
2,108.1,43.2,0.0,13.4,31.0,1.251,27,0
2,130.9,39.7,0.0,0.0,28.6,0.375,29,0
3,99.3,52.1,31.7,266.9,40.0,0.267,31,0
5,172.6,50.7,18.5,366.3,33.9,1.001,50,1
6,91.9,56.8,38.3,131.5,43.4,0.368,33,0
3,109.2,81.1,5.9,0.0,33.3,0.423,21,0
3,123.4,65.8,25.6,0.0,30.0,0.514,21,0
6,85.1,72.7,33.5,,17.9,0.483,34,0
3,130.6,45.7,12.8,,19.2,0.617,21,0
3,171.6,60.2,13.2,0.0,17.5,0.663,21,1
7,104.3,80.2,20.4,65.7,35.0,0.248,40,0
1,132.6,80.3,28.7,102.5,21.2,0.151,41,1
6,32.0,55.2,19.8,179.4,41.9,0.169,28,0
2,118.8,72.1,35.6,40.5,32.2,0.929,36,0
1,110.0,110.8,12.6,0.0,30.1,0.344,35,0
7,93.8,68.7,0.0,151.4,25.3,0.718,40,0
4,154.6,55.8,51.6,209.4,36.9,0.675,40,1
4,109.6,65.7,10.3,70.5,25.6,0.423,21,0
0,114.3,70.8,10.9,126.6,24.2,0.197,30,0
4,107.9,66.1,18.9,25.4,41.4,0.687,39,0
3,58.7,68.4,21.1,0.0,34.8,0.412,28,0
4,83.8,41.6,13.8,198.0,30.1,0.142,33,0
4,150.8,50.7,19.7,124.6,37.1,0.285,41,0
0,52.5,66.2,19.4,136.4,32.1,0.094,33,0
1,95.5,65.9,22.8,252.7,35.0,0.296,50,0
4,107.2,58.2,0.0,0.0,25.5,0.44,46,1
0,175.8,65.6,50.1,16.5,48.4,0.38,31,0
1,144.6,70.2,17.6,98.2,27.4,0.346,30,0
3,102.2,85.9,29.3,15.1,44.3,0.436,21,0
5,161.7,67.1,0.0,170.1,30.5,0.591,29,0
1,96.3,76.6,12.5,58.4,38.4,0.757,21,0
4,152.3,58.7,9.2,0.0,37.8,0.828,35,0
3,76.5,79.9,43.5,87.6,41.1,0.225,34,1
2,154.3,76.1,10.6,99.6,25.4,0.883,41,0
1,107.0,85.5,32.1,187.5,40.5,0.413,49,0
3,87.1,82.6,9.6,,46.6,0.317,32,0
5,113.1,80.2,12.8,133.0,30.0,0.173,59,0
3,128.9,67.1,16.1,116.8,32.3,0.563,35,0
4,104.2,73.7,40.5,58.4,27.9,0.547,21,0
2,137.7,89.2,0.0,0.0,29.3,0.264,26,0
2,101.3,56.6,0.0,113.2,45.5,0.27,28,0
4,139.9,57.1,0.0,41.7,24.1,0.369,39,0
3,134.2,72.4,2.6,274.3,24.6,0.312,21,0
3,118.1,76.9,7.0,234.4,44.7,0.216,29,1
6,105.9,53.3,0.0,152.8,36.9,0.156,31,0
4,124.8,67.6,8.3,123.5,48.8,0.89,27,0
7,137.6,67.2,0.0,69.9,28.4,0.283,42,0
1,186.0,26.9,3.7,0.0,33.0,0.545,40,1
2,150.1,64.8,39.2,55.1,26.8,0.623,46,0
2,151.2,66.0,26.5,91.7,33.1,0.565,29,1
1,200.0,66.0,23.0,106.4,18.0,0.646,47,0
4,136.5,95.9,4.0,134.0,37.4,0.56,21,1
4,135.5,45.9,0.0,186.0,34.6,0.244,21,1
5,142.5,53.3,1.8,0.4,31.5,0.327,21,1
2,87.7,19.4,19.3,1.4,28.9,0.874,33,0
6,105.8,59.9,33.9,246.8,24.9,0.277,47,0
2,103.8,,34.4,168.7,37.7,0.413,25,1
3,140.7,59.3,30.1,35.1,22.7,0.593,27,1
2,114.4,90.0,8.2,67.7,36.0,1.092,30,0
2,124.4,85.4,20.4,68.2,48.4,0.822,39,1
2,154.8,70.5,14.9,83.6,43.7,0.19,27,0
6,147.6,62.0,16.8,134.4,20.1,0.533,26,1
4,114.8,88.5,52.6,371.5,27.8,0.49,21,0
7,98.6,68.6,0.0,101.8,35.3,0.329,26,0
2,156.3,53.5,,156.2,31.4,0.422,46,1
3,144.8,36.4,39.4,0.0,20.9,0.242,34,0
1,68.6,60.6,0.0,24.2,35.0,0.364,24,0
4,110.0,83.3,,221.3,31.9,0.279,47,0
5,125.3,112.3,11.5,126.3,47.1,0.446,26,1
7,144.9,,16.4,0.0,30.0,0.319,49,1
6,149.1,54.5,0.0,157.5,41.2,1.147,49,0
2,129.1,46.5,29.5,300.6,22.0,0.457,33,0
1,138.7,79.5,30.7,0.0,23.9,0.395,21,0
6,122.1,35.5,28.1,254.7,37.7,0.35,60,1
4,98.4,79.5,6.1,,40.6,0.32,37,0
1,111.6,84.5,21.4,187.9,24.4,0.142,29,0
4,120.6,77.3,5.6,79.0,32.2,0.716,44,0
2,118.9,64.8,14.7,0.0,21.1,1.002,41,0
3,59.7,79.7,54.5,131.3,30.6,0.275,48,0
2,107.3,72.2,21.5,212.3,38.6,0.871,25,0
5,121.8,54.2,1.0,121.8,28.6,1.777,36,0
4,111.0,104.2,22.9,147.3,30.0,1.376,21,0
2,112.1,62.3,0.0,32.7,23.1,0.973,40,1
5,135.6,83.7,0.8,,26.9,0.159,32,0
4,85.5,23.0,3.3,159.6,45.9,0.158,36,0
3,67.9,93.3,12.9,281.2,32.6,0.644,31,0
1,108.9,96.9,35.0,209.9,24.1,0.416,30,0
1,144.5,69.6,29.3,0.0,29.5,0.08,22,1
5,174.0,79.6,28.4,0.0,19.4,0.301,42,0
3,145.0,79.6,2.4,0.0,24.0,0.625,50,0
6,73.0,56.8,11.3,0.0,42.7,0.368,26,0
2,112.6,79.4,24.4,85.1,30.9,0.418,39,0
6,128.2,53.6,9.9,125.2,46.9,0.158,38,1
7,125.7,57.4,15.5,0.0,31.2,0.298,33,0
4,137.3,90.4,27.1,169.4,31.7,0.646,21,1
2,90.7,87.5,14.4,149.1,37.1,0.287,21,0
1,122.1,55.6,23.6,17.0,10.9,0.918,23,0
3,133.5,55.1,45.5,,33.6,0.425,21,0
2,146.4,56.7,,0.0,31.6,0.561,49,1
3,94.2,82.9,38.9,41.8,43.7,0.636,37,0
1,109.0,50.0,28.9,80.8,39.6,0.619,32,0
2,33.5,75.8,0.0,99.4,23.0,0.185,21,0
3,100.1,83.2,2.4,123.6,41.8,0.215,21,1
4,103.2,67.3,6.7,108.1,29.9,0.08,32,0
3,87.4,88.2,6.3,49.6,24.9,0.326,56,1
2,125.3,63.2,18.6,,33.6,0.201,24,1
2,118.2,64.9,29.8,195.2,30.4,0.28,43,0
2,47.7,50.4,40.1,69.0,44.2,0.352,27,0
1,126.9,88.3,24.9,116.5,34.7,0.466,33,0
2,90.3,54.4,12.9,58.6,33.6,0.373,47,0
3,135.5,75.6,0.0,5.6,39.1,0.367,28,0
5,79.0,67.6,21.1,140.1,40.6,0.53,24,0
6,121.0,49.0,20.4,16.1,38.2,0.405,49,0
4,110.9,57.4,22.9,124.4,43.2,0.752,33,0
1,129.7,95.3,53.7,83.2,36.8,0.406,45,0
1,124.0,72.8,39.8,,33.3,1.096,24,0
4,111.8,49.8,32.6,42.3,41.8,0.179,49,0
3,70.8,74.8,4.6,21.6,31.3,0.321,36,0
4,72.7,66.2,11.8,0.0,32.3,0.245,38,0
0,101.3,122.0,18.5,124.0,45.6,0.479,34,0
5,119.7,74.4,7.6,106.6,44.8,0.179,27,1
2,100.5,61.8,28.0,177.7,31.9,0.114,32,1
4,140.0,96.0,25.7,18.9,28.4,0.209,27,0
3,111.1,34.0,2.6,298.0,43.6,0.122,44,0
6,89.1,70.8,39.1,36.3,38.3,0.356,30,0
3,111.1,106.9,21.6,0.0,34.5,0.465,21,0
3,127.2,66.8,0.0,0.0,29.5,0.098,21,1
3,130.4,36.1,19.2,0.0,34.6,0.306,21,1
2,180.1,61.5,24.5,256.3,31.8,0.821,40,0
6,98.6,96.6,,237.7,26.8,0.982,21,1
5,117.6,76.1,14.6,149.1,33.0,0.682,36,0
4,133.6,53.1,33.2,0.0,34.1,0.08,34,1
1,119.3,56.0,23.0,288.3,29.0,0.436,32,0
5,104.0,58.4,0.0,39.6,39.1,0.885,38,0
6,70.4,75.9,0.0,49.1,42.2,0.282,34,0
2,103.7,94.4,38.0,245.3,39.7,0.145,21,0
3,85.6,89.0,39.1,155.8,29.8,0.841,29,0
1,64.7,77.7,25.2,333.1,38.0,0.924,38,1
4,94.5,43.7,43.9,108.6,32.6,0.402,52,0
3,86.5,43.8,36.9,34.3,22.2,0.146,52,0
4,138.7,79.1,30.9,9.6,37.3,0.086,21,0
8,139.2,43.4,5.4,0.0,33.2,0.514,28,0
2,91.1,64.7,47.7,,52.5,0.247,21,0
3,111.7,74.8,28.6,211.6,43.5,0.384,50,1
2,60.5,47.4,13.8,148.9,37.6,0.354,44,0
5,104.2,49.5,9.3,82.3,34.0,0.2,37,0
4,132.8,67.2,24.1,0.0,33.3,0.082,34,0
2,146.4,78.6,0.0,106.1,24.1,0.288,49,0
3,97.2,89.2,31.2,196.5,18.3,0.448,47,0
5,153.7,80.5,4.7,129.5,25.1,0.463,46,0
2,71.5,70.4,25.9,99.2,31.6,0.234,38,0
7,80.1,54.8,11.7,0.0,15.4,0.912,28,0
1,142.7,48.7,15.8,179.7,27.7,0.159,42,0
5,173.5,59.3,7.9,0.0,30.0,0.778,42,1
1,135.8,76.8,17.4,124.0,30.3,0.438,30,1
2,118.7,75.4,50.2,375.6,26.8,0.29,28,0
4,49.8,29.1,42.2,0.0,29.3,0.562,46,0
6,55.3,54.1,25.7,52.2,45.6,0.338,52,0
1,124.1,91.9,19.6,79.1,37.2,0.113,24,1
6,108.5,70.5,33.5,26.8,27.6,0.149,29,0
1,84.6,42.1,,,31.5,0.322,37,1
2,122.1,113.8,6.7,134.3,31.8,0.261,38,1
2,123.7,68.5,18.8,97.5,25.9,0.766,26,0
5,150.2,76.3,0.0,171.7,25.9,0.252,55,0
5,124.4,76.6,38.0,81.9,40.0,0.239,37,1
2,159.3,62.0,53.0,445.7,28.7,0.214,39,1
6,120.3,55.2,21.3,97.4,23.4,0.2,53,1
6,116.3,109.3,0.0,102.5,31.7,0.205,27,0
4,154.1,88.1,29.7,0.0,32.9,0.129,31,1
2,88.7,84.6,5.5,17.5,16.4,0.451,21,0
3,200.0,79.9,9.4,211.9,31.7,0.36,30,1
4,132.0,49.9,30.0,0.0,38.9,0.349,21,0
2,132.2,93.3,24.1,0.0,35.6,0.092,41,1
2,136.8,53.0,12.2,83.7,49.6,0.529,37,0
6,180.1,74.4,9.6,237.6,41.9,0.566,29,1
5,145.4,37.9,22.0,84.9,43.4,1.062,31,1
6,68.6,30.2,13.4,41.3,54.1,0.545,41,0
4,164.9,75.0,2.3,0.0,38.0,1.204,21,0
9,109.1,53.6,14.7,132.0,33.3,0.23,35,0
3,123.4,31.2,25.4,156.0,39.7,1.1,41,1
4,79.1,79.3,17.2,0.0,27.6,0.557,21,0
0,136.8,109.3,0.0,210.5,32.9,0.509,41,1
3,99.2,95.4,35.8,168.1,26.9,0.342,21,0
2,123.2,64.1,0.0,210.2,35.1,0.289,31,1
2,110.9,69.2,12.9,147.1,26.8,0.244,21,1
4,181.6,85.9,10.1,155.2,26.6,1.124,49,1
2,183.4,,22.4,139.9,35.3,0.334,21,1
4,121.5,62.5,29.0,179.9,30.9,0.564,21,0
7,122.0,69.6,38.0,,16.8,0.652,34,0
3,108.0,74.7,8.6,0.0,20.5,0.646,28,0
2,155.4,79.5,29.4,0.0,22.9,0.453,21,0
6,109.5,66.5,23.1,65.1,25.0,1.086,39,0
5,106.5,66.7,0.0,124.6,35.3,0.534,21,0
1,151.3,95.2,50.4,117.3,33.7,0.239,21,1
1,102.8,92.0,0.0,208.5,40.4,0.3,26,0
1,118.8,78.1,26.7,212.1,37.9,0.097,42,0
2,69.4,101.7,26.2,0.0,40.5,0.488,48,0
3,142.5,61.7,24.4,107.4,36.8,0.598,46,1
4,182.1,99.8,,0.0,33.7,0.633,31,0
4,143.1,79.3,33.2,58.4,40.7,0.557,21,1
3,166.8,122.0,0.0,117.0,39.3,0.343,37,1
2,92.9,46.3,18.9,,35.0,0.393,50,0
1,127.6,55.9,11.0,357.3,42.0,0.394,47,0
4,89.8,77.0,9.2,145.1,13.5,0.768,38,1
6,112.7,76.5,26.9,11.5,29.7,0.08,21,0
3,144.7,106.1,37.2,301.6,29.6,0.274,26,0
4,123.3,56.3,14.5,40.0,41.1,0.168,55,0
1,74.8,86.2,32.5,95.2,44.4,1.378,21,0
4,77.9,91.1,20.8,24.0,20.5,0.871,21,0
3,75.8,82.4,5.7,270.0,43.1,0.283,44,0
3,135.7,50.7,15.9,67.9,22.7,0.117,27,0
0,186.0,95.7,,97.2,23.0,0.15,21,0
3,163.6,92.4,8.9,218.4,30.1,0.761,51,1
4,59.3,80.4,,147.3,29.5,0.094,38,0
2,165.5,72.9,23.8,73.7,19.7,0.398,28,0
2,150.0,73.3,0.0,207.7,37.1,0.679,21,1
2,70.6,67.5,0.0,371.9,37.4,0.137,57,0
3,110.3,81.2,26.8,116.5,40.3,0.395,32,1
1,155.1,69.6,7.0,93.4,28.6,0.287,49,1
2,137.6,52.9,24.8,99.6,31.7,0.258,43,0
3,78.1,49.1,32.5,230.7,31.8,0.224,26,0
2,139.5,54.7,0.0,11.1,45.3,0.717,26,1
5,51.6,73.2,0.0,48.0,9.6,0.994,50,0
5,112.9,68.5,46.8,0.0,24.4,0.323,50,1
5,156.4,73.1,25.6,0.0,32.0,0.511,21,0
2,120.6,78.5,13.3,20.5,23.4,0.401,39,0
1,104.0,57.1,,73.6,30.0,0.08,31,0
4,148.5,96.8,11.8,283.4,31.0,0.313,21,0
5,151.2,63.9,1.0,141.6,26.8,0.08,36,1
4,161.9,60.8,34.1,0.0,32.5,0.269,21,0
2,148.0,78.2,7.6,0.0,37.0,0.387,27,1
3,154.6,34.1,37.5,238.1,30.1,0.642,23,0
6,143.5,54.0,13.6,209.6,28.4,0.479,27,1
2,128.5,87.6,3.3,83.2,30.7,0.73,32,0
2,122.9,36.0,13.2,29.1,31.9,0.195,21,1
1,112.4,90.2,0.0,209.4,18.3,0.913,51,0
1,81.2,97.7,18.1,0.0,35.6,0.995,38,0
4,89.4,62.0,17.3,125.1,28.4,0.08,54,0
5,111.0,74.5,33.2,341.4,42.0,0.089,31,1
3,127.7,90.3,0.0,103.6,36.7,0.38,26,0
6,166.1,60.1,38.6,,41.2,0.253,53,1
3,118.7,85.5,33.1,127.2,24.0,0.285,26,0
5,152.1,56.2,40.0,25.9,29.1,0.476,30,1
5,154.5,59.9,19.2,,22.2,0.749,41,1
3,112.6,53.8,36.2,160.6,26.4,0.187,21,0
3,139.0,75.5,0.0,208.6,41.9,0.834,41,0
3,112.2,91.0,31.4,44.2,43.8,0.221,39,1
2,162.3,65.5,7.7,36.6,22.9,1.499,47,1
4,140.3,44.8,0.0,0.0,28.4,0.917,43,1
5,81.9,48.4,2.0,62.8,31.4,0.24,48,0
3,125.2,76.5,20.1,15.3,36.6,0.12,31,0
3,172.7,,6.8,0.0,18.1,0.236,22,0
3,114.2,76.5,26.0,297.6,19.3,0.21,57,0
4,134.3,61.6,0.0,133.6,35.9,0.589,21,0
2,137.5,83.6,0.0,145.8,16.6,0.08,21,0
3,86.8,64.4,42.0,181.6,28.5,0.09,39,0
7,136.3,61.8,34.5,168.7,33.3,0.577,52,1
3,75.4,50.8,3.2,32.5,35.3,0.202,35,0
6,100.0,95.8,20.0,111.3,30.9,0.271,44,0
1,154.4,20.8,36.3,49.1,29.1,0.677,21,0
2,131.4,84.2,26.7,130.4,38.7,0.772,27,1
2,110.3,60.2,22.4,119.3,34.3,0.888,21,0
1,134.3,61.2,37.5,36.0,26.9,0.639,42,0
5,118.1,101.2,8.3,0.0,32.3,0.335,21,0
1,120.4,55.4,20.5,96.8,35.0,0.314,21,0
1,141.0,56.1,,56.5,45.6,0.286,39,0
4,96.7,66.5,15.6,0.0,38.2,0.137,45,0
5,121.3,76.9,13.8,138.4,41.6,0.18,31,0
3,110.0,60.6,,191.0,27.2,0.812,39,0
3,69.3,39.1,20.6,,27.9,0.22,39,0
4,90.5,52.6,3.2,35.0,30.1,0.138,30,0
2,170.2,93.3,32.8,18.0,30.9,0.858,21,1
2,132.3,70.4,4.4,0.0,24.0,0.455,39,0
5,77.6,77.6,16.5,104.0,42.0,1.14,40,0
2,70.7,64.0,15.3,103.3,39.0,1.062,43,0
1,116.4,56.5,25.7,0.0,29.6,0.149,36,0
4,170.0,100.9,0.0,59.9,37.1,0.361,21,1
7,114.0,65.4,34.3,0.0,33.8,0.168,41,0
6,161.8,60.6,9.2,186.5,37.7,0.167,32,1
4,131.3,89.8,,0.0,21.4,0.279,27,0
4,135.1,55.3,12.3,76.0,30.8,0.601,29,0
2,77.3,,19.2,0.0,31.5,0.603,24,0
2,150.0,69.2,50.6,13.0,36.9,0.552,43,1
4,109.3,69.0,15.6,47.8,27.0,0.334,21,0
2,147.6,73.9,39.8,78.7,12.3,0.625,21,0
2,93.9,108.7,,135.2,23.5,0.136,29,0
2,125.7,75.4,26.6,245.5,31.5,0.461,52,1
6,131.3,23.8,21.1,,32.5,0.396,45,0
2,115.1,75.2,33.6,190.6,45.3,0.319,21,1
3,132.9,69.7,9.0,246.3,36.6,0.473,48,0
2,111.5,69.8,4.3,145.5,32.6,0.171,48,0
4,99.2,73.7,9.8,75.8,31.7,0.568,21,1
8,171.4,68.5,21.6,196.0,40.7,0.388,21,1
0,153.6,68.0,16.5,203.4,27.3,0.099,32,0
4,95.7,80.6,31.4,154.6,30.9,0.382,46,0
2,138.2,58.7,40.9,0.0,23.4,0.255,51,1
7,96.2,51.0,4.4,0.0,43.2,0.826,22,0
4,82.1,122.0,8.3,,35.1,0.145,53,0
1,153.1,55.4,0.0,169.7,26.4,0.15,21,1
2,65.5,70.9,52.5,77.5,31.1,0.517,28,0
3,149.7,40.6,24.9,210.7,36.0,0.344,28,1
3,111.9,71.2,27.7,231.3,30.0,0.332,46,0
3,113.2,51.3,0.0,217.9,27.8,1.505,48,0
4,133.1,60.6,20.0,218.6,26.8,0.615,44,1
5,138.6,88.9,28.1,0.0,34.7,0.3,21,1
2,93.6,78.0,16.0,,29.2,0.086,43,0
3,143.0,79.8,37.2,10.1,28.4,0.287,39,0
3,123.6,35.3,57.0,0.0,21.4,0.132,21,0
3,79.8,103.9,4.8,46.9,32.6,0.181,21,0
6,114.6,46.4,3.6,232.3,30.6,0.187,45,0
3,164.2,98.0,6.0,133.0,29.5,0.782,30,0
2,173.7,88.4,45.7,312.0,33.6,0.107,21,1
5,143.0,80.0,36.7,100.4,37.9,0.73,30,1
1,81.9,52.8,17.8,361.5,37.5,0.534,37,1
4,135.7,71.9,20.6,100.4,36.4,0.529,32,0
0,147.2,60.1,6.9,,30.1,0.175,21,1
3,143.2,69.6,34.2,0.0,27.5,0.665,55,0
4,145.1,64.3,13.9,207.7,23.8,0.157,44,0
4,131.6,30.3,15.8,22.3,27.3,1.005,29,1
9,117.7,90.3,29.7,5.6,32.2,0.795,29,0
1,100.5,67.5,17.0,227.3,25.8,1.121,37,0
6,59.3,59.8,16.2,213.2,32.8,0.397,21,0
6,130.9,58.4,20.2,210.2,24.4,0.344,36,0
6,126.0,75.8,32.7,38.3,18.9,0.281,21,0
4,137.8,52.0,,74.1,38.5,1.484,32,0
6,77.2,26.2,29.4,73.1,28.3,0.597,21,0
1,140.6,76.7,32.9,170.0,25.4,0.133,21,0
4,185.7,78.9,16.8,258.7,23.4,0.929,52,1
2,122.5,65.2,8.7,,35.3,0.334,33,0
2,118.0,47.2,30.5,307.1,42.9,0.08,35,0
5,129.9,70.7,22.7,183.2,28.8,0.209,21,1
3,185.0,41.2,0.0,53.0,30.3,0.794,25,0
0,87.2,49.5,14.8,175.3,40.5,0.535,38,1
6,126.5,54.7,18.7,276.2,17.7,0.612,35,1
4,94.4,85.0,11.8,309.8,47.5,0.923,21,0
5,102.5,62.1,43.7,216.5,51.3,0.08,35,0
1,118.4,60.5,27.7,83.0,10.6,0.211,37,0
1,163.1,106.1,42.0,55.1,31.2,0.404,48,1
2,177.6,75.7,24.2,146.2,26.3,0.81,25,0
4,134.3,75.4,,272.5,29.9,0.156,21,1
5,107.9,62.0,5.0,129.9,28.7,0.298,21,0
3,199.8,57.7,20.2,132.3,38.4,0.385,21,1
2,106.3,27.5,20.2,85.9,31.1,0.202,41,0
3,101.7,87.4,0.0,42.3,24.8,0.382,21,0
3,63.2,77.5,11.4,61.4,30.6,0.343,27,0
4,164.7,65.6,14.8,,36.1,0.25,49,0
3,151.0,66.4,26.6,277.6,22.6,0.664,33,1
3,197.4,83.0,27.4,,19.0,0.583,43,1
2,75.5,39.5,10.7,86.1,47.7,0.684,21,0
3,166.7,57.8,27.5,0.0,26.9,0.726,21,1
7,122.2,47.4,17.1,162.4,30.9,0.095,49,0
3,145.8,102.7,0.0,237.2,28.9,0.106,34,0
6,67.3,85.6,12.2,266.8,36.3,0.625,34,0
2,167.0,27.1,37.3,103.4,46.0,0.269,21,0
0,145.2,40.2,0.0,146.1,36.6,0.242,34,0
3,118.8,66.5,21.8,62.3,20.0,0.213,21,0
3,140.6,60.0,45.4,140.7,21.1,0.701,47,0
5,95.5,43.8,7.8,116.1,28.8,1.423,65,0
6,101.5,106.0,20.0,86.7,29.9,0.724,38,0
5,105.2,74.9,0.0,95.8,18.4,0.259,25,0
6,60.7,78.0,46.0,132.0,38.5,0.676,21,0
6,147.6,55.9,18.7,46.2,23.4,0.103,21,1
5,158.1,82.7,20.7,52.1,43.8,0.324,51,1
2,97.6,61.8,41.7,276.3,46.4,0.08,21,0
3,131.1,63.6,30.6,391.7,30.0,0.269,28,0
2,111.5,80.6,6.0,0.0,35.5,0.438,40,1
2,130.5,38.0,9.6,0.0,22.3,1.596,50,0
1,99.9,99.3,27.9,0.0,36.9,0.855,30,0
1,91.7,,10.0,68.1,28.1,0.08,28,0
0,153.7,93.3,0.0,183.0,23.4,0.081,33,0
3,118.0,48.6,19.1,148.0,29.7,0.204,25,0
1,184.7,51.5,0.0,99.8,28.3,1.215,26,1
2,121.5,46.9,45.9,140.8,29.4,0.08,37,0
3,90.4,73.8,22.8,0.4,39.5,0.214,35,1
5,159.3,70.3,5.5,51.9,25.8,0.213,58,1
3,140.2,60.2,8.8,77.7,45.7,0.517,38,0
1,143.3,49.7,,0.0,21.5,0.688,46,1
1,158.1,44.9,2.4,0.0,44.8,0.587,21,1
6,99.1,68.1,36.3,0.0,24.0,0.465,39,0
3,115.9,60.2,55.7,167.9,32.0,0.099,24,0
3,114.5,56.0,,108.2,28.1,0.413,37,1
4,78.7,98.4,18.5,150.3,29.3,0.941,41,0
2,111.6,67.4,13.1,0.0,38.3,1.156,33,0
5,162.8,93.1,4.7,0.0,43.8,0.507,61,1
5,127.6,58.9,53.0,156.3,41.4,0.08,49,0
3,76.9,73.7,17.0,,28.8,0.513,46,0
5,70.2,67.9,53.9,220.8,33.5,0.342,42,0
2,173.3,36.7,42.3,,25.8,0.087,53,0
6,117.1,96.1,0.0,177.0,24.2,0.148,21,0
5,99.3,66.4,9.3,0.0,22.9,0.175,49,0
2,111.2,83.2,9.3,200.6,28.5,0.627,21,0
1,72.7,54.7,18.7,448.9,34.0,1.124,26,0
4,165.5,65.9,19.0,,16.9,0.56,39,1
4,107.4,52.5,67.9,160.0,31.6,0.641,47,1
3,163.8,92.5,2.8,0.0,44.0,0.361,21,0
1,121.7,74.9,23.7,129.1,40.9,0.239,26,1
2,165.7,76.0,29.9,56.2,27.4,0.571,34,0
3,128.2,94.8,20.0,94.9,21.0,0.47,30,0
3,147.3,91.0,21.8,0.0,35.6,0.19,43,0
0,143.0,83.5,3.3,169.8,13.7,0.447,73,0
3,139.9,42.0,21.7,0.0,40.8,0.379,37,0
3,131.1,55.8,28.2,222.8,30.3,0.297,24,1
3,112.5,49.9,25.2,32.9,46.5,0.232,21,0
2,181.3,82.8,29.1,0.0,18.4,0.506,29,0
7,91.0,72.2,42.6,263.4,39.3,0.245,21,0
2,120.1,42.6,35.0,72.3,31.2,1.424,38,0
2,120.5,65.4,21.1,299.4,29.4,0.547,38,0
5,132.9,40.6,1.3,220.5,21.2,0.513,27,0
1,106.3,68.0,10.4,0.0,36.7,0.331,56,1
3,130.1,37.5,16.5,70.2,37.3,0.276,24,0
5,114.6,79.0,24.0,,46.1,0.08,31,0
4,69.4,76.2,12.3,255.5,40.0,0.201,40,0
3,120.3,105.3,5.0,,27.3,0.08,43,0
0,84.8,85.1,,100.3,24.1,0.08,48,0
3,64.5,61.0,0.0,57.0,21.2,0.128,38,0
3,124.4,84.5,16.2,74.2,43.6,0.875,45,1
5,135.6,42.4,0.0,230.0,25.9,0.872,25,0
2,136.9,50.7,4.0,80.4,43.7,0.205,43,0
2,138.1,75.3,13.7,34.6,36.1,0.096,43,1
5,58.2,28.0,0.0,15.1,34.6,0.266,50,1
4,76.4,68.3,26.1,16.3,29.6,0.622,21,0
3,183.2,49.6,31.8,0.0,37.2,0.756,22,1
2,86.5,70.9,11.2,0.0,31.9,0.442,42,0
1,139.5,48.5,13.0,252.3,29.1,0.502,21,1
1,98.0,77.1,28.6,56.2,37.5,0.467,38,1
2,122.5,69.4,8.6,161.0,30.9,0.08,45,0
3,99.7,95.6,7.5,0.0,25.7,0.106,26,0
0,138.0,69.1,39.1,145.4,36.7,1.155,27,0
6,124.4,54.4,,61.4,31.5,0.441,21,0
8,105.7,64.3,29.6,24.6,35.9,0.08,26,0
3,86.4,43.5,34.8,100.8,28.4,0.524,27,0
1,128.6,,0.0,23.0,22.4,0.167,24,1
4,81.2,,41.7,0.0,45.7,0.798,24,0
2,133.7,115.9,26.3,186.1,44.2,0.74,29,0
3,200.0,57.2,36.2,107.9,39.0,0.598,29,1
4,163.2,63.9,26.2,43.9,28.9,0.437,55,0
3,143.0,58.1,20.8,0.0,29.6,0.933,28,1
2,117.3,73.0,15.6,,42.9,0.998,37,1
7,58.0,76.3,25.9,105.7,29.2,0.171,26,0
4,77.7,68.0,15.0,265.5,27.0,0.593,26,0
4,161.0,89.6,33.9,103.4,46.8,0.234,21,1
2,94.7,57.3,0.0,0.0,31.6,0.149,21,0
3,97.6,87.7,11.3,105.9,46.0,0.997,21,1
4,114.7,79.2,,73.9,21.0,0.662,35,0
3,86.0,68.8,10.0,179.4,36.1,0.464,45,0
5,80.7,63.0,16.2,149.8,48.4,0.187,21,1
3,118.4,115.1,5.9,0.0,32.2,1.017,26,0
3,91.5,53.5,25.4,142.7,29.9,0.165,21,0
3,96.3,74.7,,0.0,22.8,0.132,29,0
1,95.0,54.7,17.0,0.0,40.6,0.38,45,1
2,136.7,102.9,33.6,58.3,25.9,0.622,27,1
4,112.6,85.8,8.8,127.3,31.3,0.288,32,0
3,114.3,56.1,32.6,0.0,22.2,0.432,50,0
2,139.1,78.7,33.2,161.0,44.3,0.233,38,0
2,115.5,73.9,36.9,167.8,41.1,0.256,24,0
4,111.1,59.2,22.2,85.4,31.8,1.243,34,0
5,135.1,83.4,71.9,0.0,22.9,0.353,23,0
4,141.4,76.4,36.9,0.0,44.1,0.974,37,1
3,115.3,73.1,25.2,198.0,29.1,0.08,39,0
7,122.6,68.2,6.0,0.0,23.3,0.809,21,1
4,95.0,77.2,18.4,202.4,18.1,0.195,35,0
3,92.5,73.4,42.8,,26.9,0.673,31,0
3,144.6,70.1,47.4,69.0,20.5,0.194,39,0
5,134.2,56.8,43.7,0.0,27.1,0.272,42,0
1,134.6,101.2,32.6,63.1,37.9,0.145,38,1
1,129.0,49.0,0.0,150.6,29.0,0.683,29,0
6,121.5,77.1,27.8,0.0,34.8,0.759,44,1
5,142.3,62.9,0.1,137.3,26.3,0.201,22,0
2,149.9,102.4,0.0,90.2,32.5,0.089,21,0
3,149.2,51.8,,6.0,47.2,0.964,21,0
1,116.8,55.0,28.4,,29.2,0.222,32,0
1,164.4,50.6,34.5,0.0,35.0,0.338,23,0
1,127.3,75.1,28.0,119.9,19.6,0.17,37,0
3,140.2,42.9,28.5,266.2,44.0,0.637,21,1
4,129.0,59.9,4.2,,28.2,0.648,25,0
5,127.9,28.1,18.3,124.8,40.3,1.074,38,0
1,96.5,73.6,0.0,,31.0,0.826,21,0
3,142.4,,0.0,6.9,36.8,0.787,37,1
3,200.0,40.7,31.9,45.2,37.3,0.363,26,1
2,108.0,89.6,8.0,142.5,28.4,0.329,32,0
6,122.3,44.2,34.0,0.0,40.6,0.631,40,1
2,105.7,84.1,37.7,167.1,26.0,0.348,44,0
5,104.4,55.7,10.1,325.3,38.1,0.845,34,1
3,169.4,99.4,29.4,72.9,28.9,0.16,23,1
2,98.5,83.2,9.4,0.0,34.8,0.08,27,0
5,104.8,49.8,0.0,0.0,28.4,0.579,40,0
1,69.2,51.6,22.0,169.3,32.4,0.247,21,0
1,95.8,80.5,,73.1,23.5,0.138,30,0
2,65.3,64.0,13.0,180.8,34.0,1.532,28,0
2,140.2,65.8,51.6,18.6,32.3,0.39,31,1
1,200.0,93.2,0.0,175.5,27.7,0.109,21,1
3,108.3,54.8,26.1,61.8,31.6,0.223,21,0
3,66.7,70.7,4.1,0.0,33.1,0.307,39,0
5,148.8,87.1,34.5,33.9,27.1,0.57,44,1
6,96.7,84.4,24.8,0.0,31.0,0.224,21,1
1,161.6,66.0,26.1,308.8,24.1,0.342,37,0
1,111.0,63.5,4.9,68.9,50.5,0.476,45,1
2,99.8,36.0,7.8,,40.4,0.544,40,0
4,114.3,48.9,34.8,18.3,34.2,0.362,28,0
7,144.2,75.0,48.3,0.0,41.3,1.229,21,1
6,112.7,66.4,27.7,,16.4,0.642,33,0
3,104.1,70.4,5.6,206.6,11.8,0.617,35,0
1,113.6,88.7,25.4,20.1,28.8,0.6,34,0
7,79.3,46.4,58.8,0.0,21.1,0.85,30,0
2,132.7,64.5,21.6,,30.1,0.453,21,0
3,62.8,72.6,43.4,137.4,33.6,0.158,37,0
5,105.8,55.6,8.2,268.9,39.3,0.525,38,0
5,144.3,96.2,19.3,120.7,23.0,0.575,35,1
1,129.7,86.3,29.9,154.1,35.2,0.942,34,1
3,138.9,74.5,26.4,162.7,32.1,0.143,52,0
1,117.9,103.1,7.7,0.0,34.7,0.178,25,0
5,157.4,40.5,,0.0,27.9,0.4,48,1
3,149.6,68.9,,0.0,42.9,0.613,24,1
6,134.3,76.0,39.1,,31.2,0.119,46,0
0,149.7,51.6,44.2,171.5,46.0,0.147,47,1
4,144.0,74.7,48.9,113.4,25.8,0.719,29,1
6,105.9,48.0,22.2,89.1,37.9,0.124,52,0
1,77.0,82.1,15.0,0.0,31.5,0.18,38,0
2,133.5,89.1,41.6,316.4,29.4,0.752,22,0
2,137.5,74.2,31.4,0.0,37.0,0.606,28,0
4,154.9,33.8,4.3,316.0,29.6,0.226,46,1
7,90.0,50.6,3.5,0.0,11.0,0.557,43,0
4,91.0,79.7,27.9,0.0,7.8,0.482,21,0
4,134.7,69.4,17.2,0.0,42.1,0.351,31,1
3,117.7,17.8,19.6,121.6,41.7,0.282,35,0
3,59.7,92.6,37.2,0.0,46.9,0.541,27,0
4,132.0,71.6,32.1,0.0,31.9,0.135,60,1
2,60.7,53.4,41.3,0.0,21.8,0.537,35,0
6,89.8,87.9,0.0,169.4,28.7,0.449,32,0
3,163.3,56.1,24.1,161.8,32.1,0.474,47,1
7,178.4,55.9,31.1,288.4,24.0,0.173,28,1
1,81.1,75.8,0.0,1.1,45.0,0.958,44,0
2,109.5,102.8,9.5,105.2,49.7,0.226,21,1
0,121.4,99.8,6.6,0.0,35.8,0.258,27,0
2,177.0,75.8,20.3,41.5,31.9,0.341,45,0
5,104.2,77.8,46.0,,21.8,0.605,51,0
2,104.7,84.0,52.4,133.4,44.2,0.463,23,0
6,169.6,45.1,7.0,197.0,32.6,0.086,22,1
0,108.0,81.2,28.4,194.0,29.7,0.386,39,0
2,143.1,55.1,28.9,0.0,35.8,0.411,25,1
6,72.7,75.1,26.2,194.8,27.4,0.974,29,0
7,114.5,64.7,26.4,74.9,33.2,0.303,43,1
5,66.9,78.5,24.9,42.7,20.6,0.568,26,0
1,86.2,71.2,47.0,,40.6,2.003,21,0
5,146.9,10.6,37.6,15.6,31.2,0.863,21,1
2,118.4,72.4,3.0,280.4,41.2,0.164,33,0
8,109.8,81.2,32.7,115.4,30.4,0.664,21,0
7,96.0,77.5,34.3,100.1,30.9,0.538,29,0
2,112.9,67.1,25.0,49.8,22.4,0.295,21,0
3,129.6,100.2,38.1,361.3,38.0,0.669,52,0
3,151.5,74.9,23.0,230.1,25.1,0.162,58,1
4,36.0,77.3,23.2,0.0,28.2,0.23,21,0
6,93.4,88.8,21.9,48.5,32.0,0.343,36,1
4,125.1,75.9,,55.4,33.0,0.284,21,1
3,116.8,51.9,18.7,96.8,18.5,0.619,29,0
6,132.9,22.7,9.3,0.0,30.2,0.378,54,1
1,128.6,59.9,1.0,130.5,38.3,0.261,27,1
6,110.2,83.5,42.9,247.0,29.0,0.853,29,0
3,103.1,62.3,28.1,0.0,30.2,0.602,21,0
4,112.1,84.2,19.5,0.0,33.3,0.105,46,1
4,156.8,71.8,11.0,24.4,31.0,0.102,21,1
4,96.6,93.5,24.7,29.8,23.9,0.263,27,0
3,118.0,63.4,35.9,309.8,31.7,0.118,32,1
2,125.9,77.9,6.8,195.2,39.9,0.761,25,0
3,169.9,78.6,19.9,188.6,23.7,0.24,43,1
3,110.4,97.5,33.9,49.6,29.0,0.568,47,0
3,150.7,36.6,0.0,47.1,21.1,0.657,21,0
4,159.4,60.3,19.1,0.0,39.4,0.08,57,0
1,118.0,85.1,13.1,169.9,31.3,0.249,21,0
3,113.3,98.4,17.9,136.5,25.3,0.331,48,0
8,109.5,73.6,12.0,227.9,32.7,0.478,34,0
1,111.8,63.4,22.2,,22.5,0.732,27,0
6,147.3,83.4,50.8,63.7,23.8,1.577,28,0
2,127.4,85.5,14.8,99.6,20.5,1.149,32,0
3,127.5,62.2,24.7,182.6,23.6,0.374,35,0
1,84.0,75.3,51.9,0.0,42.7,0.371,22,0
2,89.0,91.4,11.2,164.6,26.2,1.07,30,0
5,188.6,104.9,49.0,77.6,35.7,0.39,23,1
5,114.3,83.1,20.1,0.0,25.4,0.244,21,1
6,95.2,69.8,48.5,,38.0,0.77,23,0
2,165.8,68.0,32.0,64.3,23.9,0.496,21,1
3,129.0,79.6,,246.5,32.3,0.101,28,0
2,138.5,66.8,18.9,272.6,32.4,0.305,38,0
1,115.6,72.6,10.0,120.9,50.4,0.122,34,0
5,109.8,48.9,21.2,,37.0,0.08,56,0
1,114.6,93.6,34.4,75.1,27.3,1.256,21,1
7,75.8,47.3,19.8,189.6,37.4,0.429,38,1
6,117.2,60.8,14.9,28.1,48.9,0.314,33,0
1,129.5,70.9,16.0,20.8,19.1,0.261,42,0
3,179.2,106.8,35.9,2.1,25.3,0.396,41,0
2,122.8,61.0,39.6,0.0,30.1,0.258,31,0
2,45.3,56.3,9.3,228.0,28.7,0.167,35,0
4,117.0,58.5,9.3,6.2,29.4,0.271,24,0
6,200.0,100.5,26.1,0.0,21.7,1.0,40,1
1,147.7,15.6,44.4,0.0,43.1,0.758,21,0
2,94.1,49.9,38.3,56.5,20.8,0.271,42,0
2,138.9,120.9,0.0,282.8,30.4,1.341,32,1
2,96.3,80.2,15.8,320.8,40.3,0.371,27,0
1,76.7,48.0,5.1,0.0,31.8,0.203,30,0
2,108.9,68.2,15.7,39.2,24.3,0.512,31,0
1,122.9,70.3,45.7,0.0,21.3,1.108,48,0
1,60.1,85.1,0.0,193.7,30.2,0.969,71,0
3,83.2,104.0,0.0,113.0,26.0,0.212,47,0
0,120.3,76.4,6.7,6.8,33.6,0.138,26,0
2,106.9,58.7,24.6,88.3,20.9,0.292,40,0
5,132.6,84.0,29.9,25.1,38.4,0.575,40,1
4,81.1,55.7,27.0,265.6,32.9,0.689,22,0
4,142.9,49.4,38.8,142.9,33.5,0.877,21,0
3,82.1,35.6,0.0,,43.4,0.447,32,0
4,172.6,39.3,39.0,0.0,28.5,0.458,42,1
2,65.1,52.0,15.0,72.3,26.3,0.435,21,0
0,85.0,46.6,31.7,319.6,27.7,0.801,24,0
2,133.4,75.0,0.0,232.5,30.5,0.698,39,1
2,173.3,46.2,20.1,0.0,31.3,0.205,33,0
5,130.1,9.3,23.8,44.0,25.4,0.639,49,1
4,138.0,49.2,38.5,0.0,16.0,0.766,21,0
1,120.6,60.0,0.0,276.8,27.6,0.808,60,1
1,87.2,57.5,20.5,108.1,34.8,0.496,21,0
3,104.3,97.9,2.6,0.0,33.1,0.476,21,0
3,81.2,57.3,28.1,83.9,41.5,0.383,32,0
4,79.1,85.7,32.4,0.0,47.4,0.415,21,0
3,132.9,68.6,40.6,0.0,38.0,1.207,32,1
0,84.1,68.2,11.4,84.2,42.9,0.425,32,0
4,130.2,53.1,34.8,177.3,38.1,0.22,30,1
3,78.3,67.9,,0.0,45.5,0.504,23,0
2,129.5,54.5,0.0,36.2,46.6,0.68,38,1
3,104.4,72.2,,196.1,39.5,0.785,29,0
7,165.0,64.5,35.3,0.0,37.6,0.166,46,0
2,130.4,51.1,15.9,106.4,30.4,1.046,30,0
1,159.5,87.8,0.6,87.6,31.7,0.662,21,0
4,95.8,77.1,35.1,,29.3,1.007,21,1
4,121.8,60.5,0.8,53.5,36.9,0.114,30,1
2,88.6,71.8,17.1,60.3,26.3,0.829,21,0
4,106.8,67.4,19.4,178.3,30.5,0.158,21,0
3,111.6,52.5,31.4,0.0,13.4,0.32,39,0
5,96.8,70.3,10.0,54.6,45.6,0.677,21,0
3,81.1,57.2,9.0,27.6,30.3,0.144,49,0
3,74.8,51.0,21.6,64.0,35.6,0.256,34,0
2,45.1,38.2,36.1,177.6,43.5,0.111,32,0
5,86.2,62.2,56.6,143.7,34.4,0.665,21,0
4,140.1,79.8,0.0,0.0,43.4,0.202,42,1
0,68.8,55.8,25.0,95.7,22.2,0.405,32,0
4,76.2,,2.6,,50.9,0.539,24,1
6,177.3,85.8,36.3,0.0,40.6,0.5,35,1
4,99.6,93.8,5.0,,33.7,0.467,21,0
3,130.3,84.1,9.2,57.8,43.3,0.466,21,0
3,140.6,104.2,10.6,72.8,22.8,0.119,21,1
4,141.2,54.0,18.8,0.0,29.7,0.334,37,0
2,71.3,20.3,25.2,242.2,43.4,0.463,32,0
8,112.6,60.5,27.7,0.0,17.3,0.427,45,0
1,68.2,79.6,19.9,198.0,36.4,0.365,22,0
4,198.3,71.9,0.0,8.5,36.2,0.226,39,0
8,69.0,74.2,31.6,8.1,47.6,0.492,31,0
1,86.5,94.1,19.2,219.5,19.5,0.559,21,0
3,86.7,76.3,38.6,194.3,44.7,0.285,37,0
6,72.1,84.2,,104.0,27.6,0.789,32,0
4,163.3,51.1,0.0,167.5,28.5,1.061,25,1
3,197.5,48.2,19.5,46.8,22.3,0.411,33,1
2,104.8,99.7,40.7,79.0,23.4,0.209,31,0
3,77.7,70.9,22.6,3.9,35.2,0.143,31,0
2,48.4,57.2,16.8,184.0,23.2,0.316,28,0
4,112.2,57.2,6.1,0.3,37.8,0.389,21,0
1,109.9,56.7,48.1,250.8,26.8,0.136,33,1
2,99.2,55.5,3.5,43.7,22.4,0.309,23,0
3,127.1,,8.4,82.4,27.8,0.761,21,0
3,132.6,40.5,29.1,167.3,34.7,0.08,30,0
4,130.3,65.3,0.0,82.7,29.8,0.431,41,0
2,109.9,57.7,40.4,45.7,32.3,0.255,35,0
2,84.7,90.0,30.0,76.5,37.5,0.398,26,0
2,141.3,74.6,,182.8,40.6,1.099,26,1
6,120.4,74.0,28.9,3.8,29.6,0.384,40,0
1,148.4,54.9,17.4,65.5,23.8,0.343,21,0
6,145.3,66.7,3.0,81.2,32.6,0.636,42,0
2,74.5,75.9,,179.4,35.7,0.497,21,0
4,74.1,82.6,4.4,68.5,20.5,0.432,21,0
1,95.8,67.2,27.8,288.0,25.0,0.51,26,0
3,86.2,,32.9,62.0,26.3,0.905,58,0
1,144.2,69.2,43.6,52.7,30.4,0.728,52,1
5,131.2,84.1,25.9,60.3,26.0,0.325,41,1
7,155.2,59.7,34.8,0.0,37.6,1.06,37,1
0,132.7,34.6,15.2,0.0,19.3,0.268,21,0
1,126.7,74.1,12.3,19.0,19.5,0.431,34,0
1,158.4,82.8,,210.6,29.4,0.468,26,0
4,135.0,79.9,13.8,76.2,30.6,0.313,23,0
1,122.2,77.0,24.3,24.3,20.5,0.985,34,0
2,167.4,62.4,3.0,221.1,27.2,0.3,27,0
5,123.7,53.7,5.9,258.4,28.8,0.361,43,0
3,110.3,79.5,30.2,224.4,28.9,0.801,21,0
2,93.2,77.1,34.2,0.0,33.2,0.276,33,0
1,142.5,58.3,4.2,23.0,26.8,0.13,22,0
3,159.6,90.1,30.7,288.6,43.7,0.44,28,1
4,118.4,52.2,11.5,107.7,35.9,0.169,36,0
6,161.9,57.9,20.3,49.2,25.6,0.152,21,1
2,57.0,100.1,42.7,162.6,32.7,0.08,34,1
