edad,ingreso_mensual,años_en_empresa,satisfacción_laboral,equilibrio_vida_trabajo,distancia_al_trabajo,empresas_anteriores,horas_extra,renuncia
22,3814.6,6.3,1,2,2.3,2,Sí,Sí
50,4359.2,0.0,5,4,3.4,0,Sí,No
45,2784.8,19.4,1,1,11.2,2,Sí,Sí
36,3293.2,0.2,4,2,2.5,0,No,No
36,2223.6,2.2,5,4,3.4,4,No,No
54,4585.4,0.6,3,4,8.7,3,Sí,No
22,1550.4,1.0,1,2,1.6,1,No,Sí
47,4295.3,2.4,5,3,11.0,3,No,No
27,2933.1,2.0,1,1,17.0,1,Sí,Sí
22,4839.7,13.0,3,1,21.5,3,No,No
40,4251.2,2.2,5,2,6.8,1,No,No
59,5748.9,13.5,4,4,2.3,1,No,No
49,4223.1,3.9,1,3,1.6,3,No,No
50,999.1,2.2,5,2,1.6,1,No,No
48,3106.3,4.1,1,2,1.0,3,Sí,Sí
51,1559.2,3.9,4,1,12.1,5,No,Sí
40,,1.3,4,2,6.0,1,No,Sí
24,,1.3,2,1,19.7,4,No,Sí
53,4092.5,10.3,3,1,1.1,1,Sí,Sí
37,2221.5,0.4,1,3,27.4,2,No,Sí
39,1780.8,3.3,5,1,5.2,2,Sí,Sí
34,3245.9,13.7,2,1,1.1,2,No,Sí
26,,1.7,2,3,1.0,2,No,No
56,,7.6,3,2,2.0,6,No,Sí
51,3636.8,1.7,4,2,17.1,2,Sí,No
45,4817.4,14.1,3,1,2.0,0,No,Sí
35,4052.3,0.7,3,1,11.0,4,Sí,Sí
52,900.0,2.4,3,2,1.0,7,Sí,Sí
41,3626.1,3.2,5,3,5.2,0,No,No
37,3300.8,6.2,2,2,8.8,0,No,No
37,3779.4,3.9,5,3,15.7,1,No,No
28,5462.7,6.9,4,3,9.7,2,No,No
22,900.0,0.7,5,2,1.0,4,Sí,Sí
41,2372.5,7.2,5,2,13.5,1,Sí,No
55,4027.3,11.1,4,2,1.0,2,No,Sí
21,985.8,6.5,2,1,1.8,4,No,Sí
54,5266.3,1.7,4,3,21.6,2,No,No
52,3715.7,1.0,4,3,11.3,1,Sí,No
30,4385.2,1.4,2,2,10.5,2,No,Sí
44,2400.7,0.6,4,2,6.3,1,No,No
25,4339.3,4.9,2,2,10.9,1,Sí,Sí
50,4695.9,3.6,3,3,1.8,3,Sí,Sí
47,3526.0,3.6,4,4,6.9,0,No,No
33,,4.4,1,1,4.0,3,No,No
21,,10.3,2,2,3.6,2,No,No
58,1991.3,0.3,4,1,9.6,2,No,Sí
37,2993.5,2.3,3,2,2.6,5,No,No
55,,1.1,5,1,8.6,0,Sí,Sí
46,3736.8,5.6,1,2,4.7,2,No,Sí
50,4599.8,9.6,4,2,44.5,1,Sí,Sí
50,1718.0,1.5,5,2,2.4,0,No,Sí
26,3025.0,2.8,5,2,1.0,0,Sí,Sí
33,5274.0,0.2,1,4,19.9,4,Sí,Sí
38,2159.0,2.9,5,4,30.7,3,No,No
39,2048.8,1.7,2,1,10.1,1,No,No
20,3483.2,4.4,2,2,1.0,6,No,No
41,4382.1,3.0,2,4,1.0,2,No,No
25,3216.0,7.3,4,3,1.0,2,No,No
49,5060.5,2.5,4,1,19.1,1,No,No
47,4399.5,2.9,3,3,31.7,0,No,Sí
56,4378.5,8.4,1,1,1.4,0,No,Sí
49,3975.8,2.6,5,1,1.6,2,No,No
34,6458.7,4.4,2,3,2.0,1,No,No
58,2912.8,1.1,1,3,17.5,0,No,Sí
35,900.0,6.4,3,4,8.8,3,No,No
32,5446.0,4.6,3,2,8.4,1,No,No
56,2559.2,4.8,4,4,1.0,2,Sí,No
34,3351.0,5.1,5,2,5.5,5,Sí,No
22,5033.4,4.2,1,3,6.0,0,No,Sí
38,956.8,0.4,2,1,2.4,0,Sí,Sí
51,1447.7,1.7,3,1,1.0,0,No,Sí
26,958.2,9.4,4,4,9.5,3,No,No
37,2088.2,7.9,4,4,9.2,1,Sí,Sí
24,3815.5,7.7,2,4,,1,No,Sí
47,3933.9,13.2,4,2,16.0,1,Sí,Sí
38,3586.8,3.8,5,1,14.8,3,No,No
32,1222.1,3.5,3,4,11.8,1,No,No
28,900.0,3.1,5,3,5.7,2,Sí,No
42,3276.1,0.3,4,1,43.5,2,Sí,Sí
46,2539.5,3.3,2,4,2.7,1,No,No
57,3843.1,6.0,2,4,5.8,1,No,No
36,4182.7,1.5,4,2,17.6,2,Sí,No
25,3393.5,10.1,2,4,12.9,4,No,No
53,4264.2,4.5,2,4,6.2,0,Sí,Sí
44,3520.9,5.4,2,3,,4,No,No
47,3942.1,4.2,4,3,15.0,3,Sí,No
22,2213.5,7.7,2,2,5.6,0,No,Sí
31,2948.5,2.8,4,4,1.1,1,Sí,No
50,3475.5,3.5,5,4,2.3,2,No,No
53,4348.7,1.2,5,4,7.2,0,No,No
36,2648.8,3.3,5,3,1.0,1,Sí,No
51,3929.6,1.2,1,1,9.7,2,No,Sí
53,2827.8,8.1,3,2,1.0,3,Sí,Sí
34,3035.4,3.8,2,2,3.8,6,No,No
55,4361.3,3.8,5,4,9.3,2,No,No
30,900.0,7.2,4,3,1.7,1,No,Sí
28,1384.9,1.1,2,3,6.6,1,Sí,Sí
46,1124.9,1.2,3,1,50.3,1,Sí,Sí
45,900.0,13.9,4,4,1.0,2,Sí,No
24,,4.1,3,2,8.8,2,No,No
53,4249.2,3.8,3,1,9.7,4,Sí,Sí
27,2801.2,0.1,1,4,9.9,2,No,Sí
52,3476.9,2.2,3,1,26.9,2,No,Sí
19,4724.9,10.4,2,1,11.4,2,No,No
51,5058.8,7.5,5,1,29.9,0,No,No
51,3103.2,2.3,5,2,6.3,0,Sí,Sí
50,5095.0,4.7,4,1,6.6,1,No,Sí
46,,2.1,1,4,32.9,4,Sí,Sí
38,2027.6,2.7,5,3,8.5,0,No,Sí
47,2367.8,2.0,2,2,3.0,1,No,Sí
30,1127.2,1.1,3,1,13.3,0,No,No
51,1956.6,3.6,5,2,9.2,1,No,No
41,2698.8,3.0,5,1,11.8,5,Sí,No
37,4325.0,13.8,1,4,8.5,2,No,No
39,5609.1,0.5,2,2,17.0,2,Sí,Sí
42,1264.9,2.7,4,2,4.4,1,No,No
20,,6.5,3,1,1.8,3,No,Sí
24,1743.2,3.3,2,1,2.3,3,Sí,Sí
29,3864.6,11.9,3,1,11.6,0,No,No
23,3016.5,2.2,5,1,9.1,5,No,No
37,900.0,0.7,2,3,28.0,0,Sí,Sí
46,4499.6,9.7,4,4,6.9,0,No,No
45,2353.0,0.3,4,4,2.9,0,No,No
38,2452.5,2.5,5,2,39.0,2,No,No
54,1702.3,1.9,2,4,23.6,3,No,No
42,2284.0,4.1,2,3,15.7,1,No,No
22,3799.0,5.8,3,1,21.1,2,Sí,Sí
50,2935.1,2.9,3,1,4.8,3,No,No
42,3660.1,8.5,3,3,2.8,2,No,No
45,3706.7,0.2,4,2,3.7,2,No,No
42,5048.9,1.8,4,1,20.5,1,No,No
41,2720.1,3.9,2,4,13.9,3,No,No
22,1132.4,2.1,4,3,1.0,3,No,Sí
41,4694.1,0.7,2,3,10.7,4,No,Sí
51,2735.9,1.0,3,4,3.2,1,No,No
31,4760.4,2.3,1,4,30.7,1,No,No
43,3736.7,1.9,2,4,14.4,2,No,No
20,3016.4,5.9,5,2,10.3,0,No,Sí
33,3688.3,5.3,3,4,7.3,2,Sí,No
36,5931.4,5.0,4,3,2.0,6,Sí,No
59,6107.8,4.4,1,3,11.4,1,No,No
27,3297.1,6.3,4,4,7.1,1,No,No
30,,13.3,2,1,16.8,1,No,No
35,4706.7,1.6,4,2,3.8,1,Sí,Sí
59,2016.1,9.7,5,1,10.3,2,Sí,Sí
53,3666.3,0.1,3,2,1.0,4,No,Sí
20,3163.8,13.7,1,2,2.2,1,No,Sí
28,3639.5,0.5,3,4,2.1,0,Sí,Sí
52,2033.3,0.5,1,4,4.1,6,No,No
21,974.6,2.6,3,2,18.9,0,No,Sí
54,900.0,0.7,1,2,5.9,2,No,No
30,1635.7,0.1,4,3,7.0,0,Sí,Sí
56,2557.9,0.0,2,4,1.0,2,No,Sí
31,2789.5,1.5,2,4,5.6,0,No,Sí
36,5912.1,7.9,1,1,6.2,2,No,No
46,4748.4,0.6,5,1,3.9,4,Sí,Sí
24,1853.1,4.1,5,3,9.9,1,No,No
41,3686.8,7.8,5,2,6.4,0,No,No
39,2630.1,1.0,1,1,1.7,4,No,Sí
51,2801.9,1.5,2,1,8.5,3,No,Sí
59,3459.5,22.8,5,2,6.5,3,No,No
46,4066.8,5.4,3,2,3.9,1,No,Sí
35,2725.0,3.3,1,3,1.0,3,Sí,Sí
35,4689.4,8.4,1,1,4.9,2,No,No
36,1601.3,0.5,2,3,22.5,6,Sí,Sí
52,3208.9,7.0,5,3,16.8,5,No,No
32,6836.7,6.2,1,2,8.0,2,No,Sí
25,3512.3,2.0,5,1,2.0,2,Sí,No
32,5206.5,1.6,4,3,13.7,5,Sí,No
19,3328.1,3.7,5,3,15.7,1,Sí,No
23,4013.1,6.5,5,2,1.0,4,No,No
22,3120.5,7.2,2,2,23.8,6,No,Sí
50,2961.4,10.2,5,3,25.2,2,No,No
48,2108.7,0.9,1,2,2.3,4,Sí,Sí
47,3802.4,1.2,2,2,4.0,2,Sí,Sí
37,2007.8,6.1,2,2,1.0,0,Sí,Sí
48,4131.8,0.9,1,2,14.9,2,No,Sí
25,4719.4,0.0,1,3,6.7,0,No,No
55,3713.1,1.1,1,2,11.4,0,No,Sí
39,2799.3,1.6,1,2,9.8,1,No,Sí
57,3835.6,1.6,2,3,12.5,3,No,Sí
25,2767.9,5.1,1,2,5.7,1,No,No
39,4509.8,4.6,1,1,2.7,3,No,Sí
47,900.0,2.7,5,4,5.4,2,No,No
39,2730.1,5.8,1,1,1.6,1,No,No
37,900.0,3.0,1,3,38.1,4,No,Sí
25,1106.9,4.7,1,2,5.0,2,Sí,Sí
34,5109.4,14.2,1,1,3.0,4,No,Sí
28,4453.3,6.4,3,1,4.1,4,Sí,Sí
31,2192.7,1.4,5,4,4.3,3,No,No
47,1096.5,0.8,4,2,6.4,1,Sí,Sí
44,900.0,12.8,3,2,6.4,2,Sí,Sí
43,2439.1,4.9,1,3,3.2,3,Sí,Sí
33,6588.6,8.0,4,1,6.5,6,No,No
58,3808.8,3.9,1,3,36.8,2,No,No
22,2416.6,3.9,4,2,1.2,3,No,Sí
33,3851.1,30.0,3,3,1.9,0,No,No
23,1014.7,11.2,5,1,32.3,5,No,No
32,2783.7,0.3,2,4,15.5,1,No,Sí
58,3339.3,0.9,4,1,30.6,2,Sí,Sí
34,3079.5,2.0,3,3,11.2,1,No,No
56,4307.1,1.9,3,3,18.8,1,No,No
39,3682.5,0.9,5,2,1.0,3,No,No
47,4135.7,5.0,4,1,17.9,3,No,Sí
37,2236.3,2.5,3,2,,3,No,Sí
29,4456.9,9.8,3,4,19.5,5,Sí,No
50,5480.5,2.0,4,4,8.5,1,No,No
58,1841.8,3.4,2,4,1.0,0,No,No
29,1957.2,2.5,1,1,3.5,4,No,Sí
50,5070.1,4.8,3,3,2.1,3,No,No
29,2932.1,1.3,1,1,12.4,1,Sí,Sí
48,5165.3,8.0,1,3,,2,Sí,Sí
51,2580.5,15.4,3,2,3.3,2,Sí,Sí
37,5237.1,0.3,4,3,4.9,2,Sí,No
49,3384.1,0.0,4,3,2.2,1,Sí,Sí
30,3561.5,2.4,2,4,2.0,1,No,No
22,5390.6,3.5,3,2,1.0,0,No,No
22,2693.5,5.8,1,2,6.7,1,No,Sí
37,1882.4,2.4,4,3,2.9,1,No,No
56,2572.0,2.8,2,1,5.5,3,Sí,Sí
24,3833.3,4.2,4,1,7.7,1,No,No
37,1007.9,2.3,5,3,8.0,1,Sí,No
47,4092.5,15.4,4,4,2.2,2,No,No
27,2445.7,0.3,2,3,3.3,2,Sí,No
48,4806.9,0.5,5,4,1.0,4,No,No
31,900.0,3.4,4,1,4.8,0,No,Sí
52,2098.8,1.4,4,2,12.5,2,No,Sí
42,900.0,7.8,5,3,1.0,1,No,No
41,2043.3,1.9,5,2,16.4,0,No,No
26,3546.7,1.0,1,1,20.5,3,Sí,Sí
37,2949.1,0.8,5,1,7.5,0,No,No
54,2845.3,4.4,4,4,16.4,1,No,No
19,,0.8,2,3,5.6,3,No,No
50,3484.7,2.5,2,2,3.0,0,No,No
39,1788.0,5.1,4,2,1.0,0,No,Sí
48,4189.6,5.8,2,1,,2,No,Sí
46,4127.7,2.2,3,4,16.5,2,No,No
36,3739.1,0.2,4,1,24.9,1,Sí,No
31,3979.1,2.0,4,4,7.1,6,Sí,No
44,3615.0,2.4,5,1,20.1,6,Sí,Sí
24,6049.1,2.8,1,2,9.2,5,No,Sí
42,3078.1,1.2,2,2,15.1,4,Sí,Sí
22,2770.1,18.9,5,4,8.5,2,Sí,No
45,2145.1,6.2,3,1,8.1,4,Sí,Sí
44,1754.8,0.4,2,2,3.8,1,No,Sí
22,1457.7,0.4,2,2,8.5,2,Sí,Sí
50,1955.7,2.7,2,2,2.7,3,Sí,Sí
36,3101.0,7.2,3,1,1.0,1,No,No
51,3668.0,0.4,2,4,6.9,3,Sí,Sí
20,3271.6,7.3,4,2,1.0,1,No,No
26,2128.3,4.8,3,2,5.1,2,No,No
39,4460.3,7.5,4,2,1.0,2,No,No
26,4235.2,7.8,1,4,8.6,1,No,No
32,2976.5,6.2,4,2,3.4,3,No,No
46,2285.9,4.3,5,2,1.2,7,Sí,No
24,,9.4,1,2,4.8,0,Sí,Sí
46,3463.2,4.5,2,2,4.5,2,Sí,Sí
23,1172.6,3.8,4,1,13.3,3,Sí,Sí
26,3104.8,3.4,4,3,22.7,2,No,No
43,3566.9,6.3,4,1,12.7,2,Sí,Sí
51,1940.4,1.6,3,1,1.1,1,Sí,Sí
25,3465.8,19.3,4,1,2.4,1,No,No
31,1163.2,7.2,4,2,57.1,4,No,Sí
56,5070.7,0.8,1,4,4.7,0,Sí,Sí
59,4947.1,5.7,4,3,4.6,1,Sí,Sí
42,2846.5,5.9,3,4,15.1,1,Sí,No
37,3708.8,0.6,1,2,14.6,1,Sí,Sí
33,900.0,2.5,3,4,1.3,4,No,Sí
44,1581.1,1.5,3,1,8.1,1,No,Sí
43,2788.7,0.9,1,3,1.1,2,No,No
31,1699.0,1.3,5,4,16.4,4,No,No
19,4200.2,6.2,2,3,1.0,1,No,No
25,5996.2,3.2,2,4,6.9,2,No,Sí
58,1552.7,1.6,3,2,18.7,3,Sí,Sí
36,2027.6,1.0,5,1,5.2,2,Sí,Sí
38,3529.6,8.1,4,4,11.2,2,No,No
38,5455.6,2.8,4,1,8.0,0,No,Sí
51,1488.7,5.4,2,4,18.0,3,Sí,No
21,3548.7,2.5,5,3,27.5,5,Sí,No
22,5749.8,1.3,5,4,11.4,1,No,No
30,900.0,6.3,3,2,23.3,1,Sí,Sí
38,,3.3,3,4,3.9,2,No,Sí
46,2607.0,4.7,1,1,7.1,2,No,Sí
39,2471.2,8.5,4,2,5.4,1,No,Sí
37,,11.6,5,1,24.1,1,Sí,No
57,3538.3,5.7,3,4,15.3,3,Sí,No
25,900.0,4.4,3,3,3.4,2,No,Sí
42,3921.6,7.2,3,4,4.2,2,No,No
41,2391.4,1.5,1,4,28.4,0,Sí,Sí
38,4984.2,1.7,4,2,2.5,0,Sí,Sí
52,2321.4,5.9,4,1,4.6,2,No,No
29,2308.7,1.7,5,4,4.1,1,No,No
58,3957.6,1.7,5,2,1.0,4,No,No
32,4268.1,9.6,3,1,8.0,1,No,No
41,3827.3,7.6,5,4,4.8,4,No,No
40,,1.8,3,4,1.2,4,No,Sí
53,3953.2,2.7,4,2,1.0,2,Sí,Sí
36,1752.0,7.8,4,4,5.0,1,No,No
30,,0.4,5,1,15.5,3,No,Sí
19,1206.8,5.7,4,1,13.9,5,Sí,Sí
33,3824.9,0.8,1,2,2.4,3,No,Sí
52,2070.8,8.8,1,3,3.2,2,No,Sí
19,1404.3,2.9,3,1,6.0,2,Sí,Sí
55,4199.3,0.8,3,1,1.0,3,No,No
41,3538.3,0.0,4,3,9.2,3,No,No
24,2340.4,0.1,3,4,2.7,4,No,No
31,5231.7,1.8,3,3,19.2,2,No,No
41,2583.1,6.9,5,4,9.4,2,No,No
31,3245.0,0.2,2,4,3.4,0,No,Sí
23,3576.5,6.0,3,3,14.9,1,No,No
46,2332.5,10.1,3,3,20.6,1,No,Sí
46,3859.6,1.9,3,4,7.1,2,No,No
23,2453.2,6.0,5,2,2.9,2,No,No
30,2623.7,0.1,5,1,29.9,3,No,No
28,5107.7,0.6,3,4,18.2,3,No,No
46,1743.2,1.3,3,2,22.0,2,Sí,Sí
48,900.0,2.5,3,4,10.1,2,No,Sí
48,5455.3,5.6,1,2,,0,No,No
57,6769.1,7.8,3,4,10.7,1,No,No
50,2632.6,2.1,2,1,1.6,1,No,Sí
32,900.0,3.2,1,3,8.4,2,No,Sí
23,2765.3,18.1,1,2,1.7,1,Sí,Sí
44,2799.3,3.6,3,2,2.7,1,Sí,Sí
56,2934.1,2.4,1,2,3.6,1,No,Sí
58,1641.3,7.8,4,4,13.0,1,No,No
28,4011.4,24.6,3,2,6.5,2,No,No
28,3934.3,2.4,2,4,6.5,1,No,No
20,1107.8,5.0,4,2,9.7,1,No,No
24,4178.9,11.1,3,1,6.4,4,No,No
41,6073.8,2.0,4,4,11.3,1,No,No
41,3440.7,2.6,4,1,1.0,0,No,No
34,2727.7,3.5,1,2,4.6,0,No,Sí
31,3001.2,3.9,2,4,6.7,2,No,Sí
53,4061.4,6.0,3,4,1.1,3,No,Sí
37,900.0,5.4,5,4,5.5,1,Sí,No
52,3430.1,2.5,1,2,5.6,1,Sí,Sí
58,2653.4,11.6,1,4,11.1,1,Sí,Sí
32,5787.0,2.6,5,2,3.5,1,No,No
27,2956.2,1.2,5,3,9.9,1,No,No
58,5535.0,4.4,1,3,12.3,2,No,No
45,1654.8,8.3,3,1,10.6,1,No,Sí
30,4022.2,1.4,4,2,2.9,2,Sí,Sí
44,3647.2,4.0,1,2,11.8,5,No,Sí
40,1983.3,1.8,2,2,10.8,3,No,Sí
56,3448.4,0.1,2,2,3.5,2,Sí,Sí
29,4897.5,1.3,4,3,2.4,2,Sí,No
59,2746.7,5.3,2,1,3.4,3,Sí,Sí
57,900.0,6.3,3,1,1.6,2,No,Sí
26,3175.4,1.2,2,4,7.4,1,Sí,Sí
25,1936.6,4.5,4,2,6.7,1,No,No
40,2720.7,2.5,1,3,5.4,4,No,Sí
20,3085.8,4.2,2,3,3.2,4,No,No
31,900.0,0.2,2,3,1.0,3,No,Sí
36,938.1,0.7,5,2,20.6,1,Sí,Sí
58,3874.9,1.0,5,2,7.7,4,No,No
59,2468.2,1.5,3,4,13.7,2,No,No
25,900.0,2.5,1,4,16.1,1,No,Sí
55,4298.8,2.6,4,2,13.8,3,Sí,Sí
22,3581.3,2.5,3,3,5.0,2,No,Sí
49,2200.6,0.6,5,4,9.0,2,No,No
53,1356.4,13.0,2,1,1.0,3,Sí,No
55,4370.1,1.9,5,4,15.3,1,Sí,No
28,3689.1,3.6,5,2,21.4,2,Sí,Sí
55,6535.6,8.9,2,4,24.6,1,No,No
23,3788.3,0.6,4,3,2.5,4,No,No
40,3742.8,3.8,2,4,2.2,2,No,Sí
38,2966.3,2.2,2,1,6.2,1,No,Sí
31,4343.5,7.6,2,1,9.2,4,No,Sí
19,4075.1,3.0,4,4,8.3,4,No,No
50,4952.4,1.9,2,3,18.0,3,Sí,No
32,2470.1,0.1,4,3,6.8,5,Sí,Sí
46,2590.4,12.2,3,1,6.5,5,No,No
35,2529.3,0.5,4,1,7.0,2,No,Sí
34,4307.1,4.4,5,4,5.1,0,No,No
55,5297.7,1.7,1,2,4.9,4,No,Sí
22,2557.6,14.8,5,3,3.5,1,No,No
49,2605.3,0.7,1,2,1.4,2,Sí,Sí
49,3639.7,12.2,3,2,2.8,0,No,Sí
34,2855.9,18.6,2,1,1.4,3,Sí,Sí
29,4532.9,1.4,4,4,6.0,2,No,No
19,900.0,0.5,4,4,32.9,1,No,No
57,2042.6,4.8,5,1,7.9,1,Sí,Sí
57,,1.4,3,2,7.1,1,Sí,Sí
28,900.0,1.8,5,3,7.4,3,No,No
20,1850.9,6.1,2,2,2.2,2,No,No
24,1918.8,9.5,2,3,6.0,2,No,No
21,2918.5,4.2,2,2,2.1,5,Sí,Sí
53,4758.2,7.4,3,1,9.8,5,No,No
55,2856.9,0.5,4,2,16.7,4,No,Sí
25,1756.9,11.3,5,3,2.2,1,No,No
49,3120.3,0.6,2,1,24.6,1,No,Sí
26,4668.8,0.5,2,4,20.0,3,No,Sí
34,1833.7,1.4,5,1,1.0,1,No,No
43,1925.2,3.4,3,1,4.0,2,No,Sí
48,3982.0,0.8,2,3,1.9,2,No,No
54,2889.8,11.6,5,3,1.5,3,No,No
20,,1.1,3,2,15.9,0,No,No
27,3180.9,9.7,5,2,11.3,1,No,No
30,4182.3,11.2,5,1,6.0,2,Sí,No
31,1750.9,2.6,5,3,14.7,0,Sí,Sí
59,3183.1,10.1,3,2,13.0,1,No,No
50,2905.0,7.5,4,1,1.0,1,No,Sí
32,1497.8,2.3,5,2,1.0,2,No,Sí
58,1011.1,7.5,2,4,12.8,0,No,Sí
39,4160.0,5.2,1,2,1.0,1,No,No
39,2708.7,1.5,2,4,17.0,2,No,No
36,1768.8,16.7,4,2,9.3,1,No,No
24,3065.3,4.4,3,1,11.5,2,Sí,No
57,4779.2,8.4,1,2,4.8,2,No,No
19,900.0,2.5,3,2,2.8,1,Sí,Sí
26,1104.7,4.8,1,1,3.7,5,No,Sí
28,1908.0,1.3,3,3,1.1,2,No,No
30,5245.7,1.7,3,2,3.8,1,No,No
24,3595.6,6.5,4,3,,2,Sí,Sí
19,4274.2,9.2,3,2,18.6,1,No,Sí
46,1603.8,18.4,3,2,1.0,2,Sí,No
58,1632.6,3.1,4,2,17.8,0,No,Sí
23,3826.9,0.1,4,1,27.5,3,Sí,Sí
31,3281.6,0.8,5,3,,4,No,No
39,3968.2,0.9,2,1,7.1,5,No,Sí
57,2937.3,15.0,3,3,17.7,3,Sí,Sí
47,3589.4,1.7,2,4,12.9,2,Sí,No
50,3421.4,1.8,3,4,6.8,1,No,No
42,4288.9,12.2,1,2,7.5,2,Sí,No
36,4329.8,3.6,3,2,1.6,3,Sí,Sí
27,932.2,1.9,1,4,15.6,2,No,Sí
54,900.0,0.1,3,2,1.0,0,No,Sí
51,4602.4,0.4,5,2,10.4,0,No,No
20,4862.8,1.1,5,4,34.9,3,No,Sí
48,1771.1,1.2,3,4,12.8,3,No,No
22,900.0,2.7,1,4,7.3,3,No,No
49,3338.6,4.1,2,1,4.3,1,No,Sí
52,4503.2,1.3,1,4,17.0,3,No,Sí
24,5716.6,3.9,4,1,1.0,3,No,No
36,3922.8,2.5,5,3,6.1,6,No,No
24,2679.6,8.0,3,4,13.4,1,No,No
42,1949.6,3.4,1,3,3.7,1,Sí,Sí
57,3216.0,3.1,1,4,4.4,0,No,Sí
22,2781.0,2.2,5,2,1.0,3,Sí,No
35,1778.9,3.0,2,2,1.5,1,No,No
58,,1.6,1,2,1.0,2,Sí,Sí
31,5699.2,1.3,1,2,3.9,0,No,Sí
24,4790.5,3.9,2,3,6.6,0,No,Sí
39,1910.8,1.8,4,2,3.6,2,No,Sí
39,4397.0,1.7,5,3,3.1,1,Sí,No
46,4095.5,14.4,2,2,10.4,4,Sí,No
31,3819.6,5.2,4,2,24.9,2,No,No
58,4949.5,2.3,1,1,6.8,0,Sí,Sí
40,4089.5,5.0,1,3,7.1,1,No,Sí
30,4236.0,8.1,1,4,3.0,4,No,Sí
58,4091.7,17.8,5,4,4.2,2,Sí,No
56,,3.8,3,2,3.7,3,No,Sí
39,900.0,0.3,5,2,27.6,2,No,No
20,3317.1,3.2,1,3,11.2,2,Sí,Sí
43,2421.3,0.4,1,3,13.8,1,No,Sí
41,1408.2,15.4,5,1,1.9,1,Sí,Sí
25,5554.5,0.7,1,3,15.6,3,No,Sí
44,5620.6,0.3,1,1,,2,No,No
53,5102.9,10.4,3,1,1.3,3,No,Sí
23,3557.3,2.6,4,3,9.2,1,No,Sí
48,5090.9,3.2,2,1,1.4,1,Sí,Sí
24,3216.9,2.6,3,2,5.4,3,No,No
49,3483.9,11.9,4,3,1.2,1,No,No
36,1669.1,3.9,3,3,7.1,1,No,No
19,3755.8,2.9,2,2,2.0,3,No,Sí
58,3284.5,0.5,1,1,2.2,2,No,Sí
25,1376.3,13.2,3,4,1.5,3,No,No
43,3128.3,1.2,5,4,1.0,1,No,No
26,3088.4,12.4,4,4,1.2,1,No,Sí
57,5716.6,0.2,5,3,13.4,2,No,No
49,4451.9,9.2,1,2,4.2,0,No,Sí
51,3216.0,2.5,1,4,16.1,0,No,Sí
36,,19.5,3,2,24.0,2,Sí,No
38,3261.9,8.0,1,1,26.1,2,No,Sí
45,2915.9,0.6,3,4,1.0,1,Sí,Sí
51,1684.6,0.6,5,2,7.1,1,No,No
53,2988.5,1.8,2,4,1.0,0,Sí,No
19,2155.5,15.8,3,2,19.1,3,Sí,Sí
46,1449.6,4.0,4,4,13.7,3,No,Sí
23,3915.7,4.0,1,3,4.0,1,No,No
30,3747.8,8.0,5,2,4.4,0,No,No
53,900.0,5.5,2,2,7.3,3,No,No
29,3028.2,5.4,5,4,10.5,2,Sí,No
51,4594.0,8.6,4,1,16.7,1,No,Sí
37,4682.9,3.8,1,2,1.0,5,No,Sí
28,4636.2,5.9,4,2,7.4,1,No,No
32,3254.5,2.2,1,3,4.3,0,No,Sí
40,2016.9,3.4,3,2,2.9,3,Sí,Sí
50,1682.8,4.4,5,3,11.1,2,No,No
43,3682.4,2.3,5,2,4.6,1,No,No
57,3731.0,7.8,5,1,12.7,3,Sí,No
54,5002.3,10.7,3,1,15.8,1,No,No
49,4740.0,0.8,3,3,4.3,3,No,No
43,3014.9,8.3,2,2,1.0,5,Sí,No
30,1458.1,0.3,5,2,31.7,3,No,Sí
35,2753.3,1.1,3,3,11.0,2,Sí,Sí
23,3504.1,3.8,4,2,20.4,2,Sí,Sí
34,2917.1,8.7,2,2,1.0,1,No,Sí
56,2390.9,16.4,4,1,1.3,4,Sí,Sí
36,3554.0,4.7,2,2,1.0,3,Sí,Sí
23,2494.5,0.3,4,3,2.2,2,No,No
45,2320.7,6.9,1,3,1.0,3,Sí,Sí
58,3636.0,1.0,1,4,18.9,1,No,No
54,2637.2,1.1,2,4,3.4,0,No,Sí
30,3541.7,0.4,3,1,14.4,2,Sí,Sí
37,3582.5,3.0,4,2,16.1,2,No,No
40,1604.8,1.8,2,2,16.0,4,Sí,Sí
29,,9.2,1,3,6.0,2,No,Sí
30,5212.9,5.7,2,2,31.7,3,Sí,Sí
28,1573.1,2.0,3,4,19.9,2,No,No
59,900.0,1.6,3,2,28.7,2,Sí,Sí
49,900.0,3.2,4,3,8.0,1,No,Sí
53,3240.8,1.3,2,1,18.4,0,Sí,Sí
52,3243.3,0.2,4,4,5.5,3,Sí,Sí
58,3035.3,2.0,4,4,,3,No,Sí
23,4899.9,1.3,4,4,10.8,0,No,No
55,900.0,5.9,3,2,1.0,1,No,Sí
21,3754.3,4.8,5,1,2.0,3,Sí,Sí
38,5386.0,1.2,2,3,13.9,1,Sí,Sí
43,1621.1,9.0,4,2,1.0,3,No,No
33,,3.7,1,4,13.2,2,No,Sí
24,2146.0,13.6,1,3,,1,No,Sí
26,1947.9,6.7,5,3,42.3,2,No,Sí
52,2743.2,10.5,3,4,1.0,2,No,No
32,5198.5,14.3,4,4,6.5,3,Sí,No
31,5772.3,2.3,4,2,28.6,1,No,Sí
56,2729.7,5.0,4,1,1.0,6,No,No
24,5867.1,0.8,2,1,9.6,3,No,Sí
56,,1.3,1,2,3.9,2,No,Sí
56,5655.2,1.0,1,3,2.6,2,Sí,Sí
43,3069.4,2.8,5,1,12.2,1,No,No
25,3383.5,5.6,2,1,5.6,5,No,Sí
25,3711.7,3.8,3,3,7.7,2,Sí,No
30,7650.4,0.1,3,4,1.0,0,No,No
42,4391.8,1.1,1,1,7.0,4,No,Sí
25,2209.8,5.6,3,3,1.0,1,Sí,No
37,4556.6,4.6,1,1,5.9,1,Sí,Sí
23,2693.4,1.4,1,3,1.0,2,Sí,Sí
41,2514.3,1.6,1,4,9.9,3,No,No
19,4472.0,6.8,5,4,1.7,3,Sí,No
48,3243.5,3.3,3,3,1.0,1,No,No
21,3590.0,4.1,5,3,15.4,2,No,No
26,3219.6,2.6,3,4,2.2,1,No,Sí
26,3671.2,6.1,2,3,1.0,2,Sí,Sí
53,3795.0,10.0,4,2,10.8,1,No,Sí
21,900.0,15.1,5,4,6.7,0,No,Sí
36,4133.2,5.1,3,3,8.5,1,No,No
43,1825.2,2.3,1,4,,3,Sí,Sí
40,1180.8,0.7,2,3,1.8,2,No,Sí
46,3118.2,0.2,5,4,2.5,1,No,No
51,3317.6,13.9,3,1,12.4,1,No,No
35,2229.1,6.1,5,1,4.1,2,Sí,No
52,4363.4,2.2,3,1,2.6,1,No,No
32,1321.0,4.3,1,3,15.1,3,Sí,Sí
59,2630.3,8.5,5,3,3.9,3,Sí,No
39,2381.2,17.5,4,1,3.8,2,Sí,Sí
49,3134.8,1.0,4,1,26.3,1,No,No
54,3590.4,4.1,5,4,1.0,2,No,No
51,1788.9,7.2,1,4,27.0,0,Sí,Sí
53,4214.0,20.9,5,3,3.6,1,No,No
40,3288.2,6.4,2,2,29.4,2,No,Sí
20,900.0,4.4,5,2,1.2,4,Sí,Sí
39,900.0,5.2,1,1,7.7,4,No,No
26,3182.8,1.6,3,1,12.1,4,No,No
55,2890.6,5.2,4,4,,4,Sí,No
28,3055.2,8.9,1,2,1.0,2,No,Sí
28,3160.8,1.4,1,3,1.0,1,No,Sí
29,3515.8,12.1,5,3,8.7,1,No,No
45,4526.7,0.5,1,2,1.0,2,No,Sí
42,1644.5,2.2,4,1,14.5,3,No,No
57,1559.2,0.8,5,3,16.9,2,No,No
36,1669.3,0.4,4,1,1.4,1,No,Sí
30,3604.5,16.5,3,2,13.2,2,No,No
21,4942.9,1.4,3,4,1.0,0,Sí,No
19,2596.1,3.2,4,3,,2,No,Sí
34,900.0,4.4,3,4,6.6,2,No,No
56,900.0,0.6,3,1,11.9,2,Sí,Sí
40,2033.7,1.6,1,1,11.7,3,No,Sí
55,2419.2,1.5,4,2,9.6,1,No,Sí
23,2628.3,1.7,4,2,8.0,1,No,Sí
22,3254.0,3.0,4,1,,2,No,No
53,2763.6,1.8,1,4,18.1,0,No,Sí
23,4669.1,7.6,4,1,8.3,3,Sí,Sí
21,2253.6,3.2,4,3,2.6,1,No,No
35,1992.8,2.4,1,3,3.8,3,No,Sí
56,3870.4,1.2,5,3,4.0,2,No,No
47,1050.1,6.5,3,1,1.0,4,No,No
23,3745.6,2.2,3,2,1.9,1,Sí,Sí
53,3343.6,2.2,4,3,1.0,2,Sí,No
53,2993.6,15.0,3,2,8.1,3,No,No
51,5423.6,0.3,3,3,4.8,1,Sí,Sí
56,2328.9,2.4,2,1,28.8,0,No,Sí
28,6084.4,4.2,5,1,,1,No,No
59,2884.4,6.2,5,3,7.7,2,No,No
32,1412.2,6.0,1,3,1.0,6,No,Sí
51,3297.9,1.5,4,1,3.2,1,No,Sí
42,1693.3,0.0,1,4,8.5,1,Sí,Sí
50,2147.5,5.0,2,1,27.3,2,No,Sí
44,3755.8,4.0,5,4,29.4,1,No,No
45,3977.8,0.4,1,3,1.0,4,Sí,Sí
44,2329.0,3.2,2,4,8.7,0,Sí,Sí
50,4582.4,0.9,2,4,2.3,3,No,No
49,4820.5,0.5,4,2,18.8,3,Sí,Sí
24,5210.8,3.8,3,4,12.0,4,No,No
52,3941.2,5.0,3,1,2.1,1,Sí,Sí
40,5108.8,4.4,5,2,4.4,3,Sí,No
32,900.0,1.7,3,1,,3,No,Sí
40,2754.9,4.2,4,2,,1,Sí,Sí
58,1986.2,2.7,1,4,7.1,4,Sí,Sí
54,3366.9,3.2,2,2,5.8,3,No,Sí
53,2400.0,5.7,5,1,11.7,0,No,Sí
37,2967.4,4.1,5,2,1.3,1,No,No
51,5835.0,4.5,4,4,15.8,2,Sí,Sí
34,2962.4,7.4,2,3,4.3,2,No,No
47,3779.3,2.1,1,3,4.4,1,No,Sí
45,2874.8,3.3,5,2,3.2,1,No,No
29,3306.0,4.7,4,2,13.6,2,No,No
29,3208.4,8.0,2,3,4.6,1,No,No
21,3827.7,1.3,3,3,3.3,3,No,No
24,4831.4,6.6,4,4,9.0,3,No,No
36,5506.4,1.5,3,3,9.1,2,No,No
38,3633.5,1.8,5,4,3.6,1,No,No
25,4025.4,2.5,1,4,17.3,2,No,Sí
36,1588.8,0.5,2,1,4.3,2,No,Sí
43,3077.0,9.7,1,2,11.7,2,Sí,Sí
28,4516.4,8.9,4,2,3.1,2,No,No
32,4412.4,13.8,4,1,13.7,1,No,No
34,3496.3,4.1,5,1,13.3,4,No,No
39,4441.0,5.1,3,4,11.4,3,No,No
34,3887.1,1.6,1,2,14.4,2,No,Sí
49,4880.4,0.1,3,1,7.7,2,Sí,No
32,3605.1,6.0,1,2,1.8,4,No,Sí
36,2702.0,1.0,4,2,6.4,2,No,Sí
34,3670.2,1.3,4,1,2.1,2,No,No
26,900.0,22.4,5,1,8.6,2,No,No
47,3736.0,0.7,2,4,1.1,3,No,No
28,900.0,0.4,2,4,,5,No,Sí
31,900.0,0.4,1,2,1.4,1,No,Sí
51,3832.5,4.8,3,3,8.0,3,Sí,Sí
57,3868.5,2.0,3,4,36.9,2,No,No
46,1572.6,1.8,4,4,10.3,3,No,No
56,2203.1,3.6,4,1,3.3,1,No,No
54,5118.8,0.5,1,4,2.5,3,No,No
38,2522.4,0.6,2,1,4.9,1,Sí,Sí
50,,11.2,3,1,6.4,5,No,Sí
32,3197.3,9.6,2,2,8.4,2,No,No
37,3771.3,3.7,1,3,2.6,3,No,Sí
40,5463.6,11.0,5,1,9.0,2,Sí,No
58,3383.4,0.4,4,2,1.6,2,No,Sí
53,1796.7,3.6,3,2,23.4,1,Sí,Sí
