study_hours,attendance,sleep_hours,previous_grade,parental_support,extracurricular,final_score
13.5,87.4,8.4,60.9,Medio,No,68.8
6.8,89.8,7.7,85.8,Alto,No,61.7
15.8,86.1,7.6,75.5,Medio,Si,72.3
16.7,100.0,7.5,62.6,Medio,No,82.9
2.2,80.8,5.3,64.7,Alto,Si,43.3
5.5,77.7,7.8,46.1,Medio,Si,49.7
12.6,71.5,4.9,73.4,Alto,Si,67.7
10.4,67.5,5.7,43.4,Alto,No,66.5
11.9,64.6,8.6,78.5,Bajo,Si,72.6
7.7,69.6,8.0,69.8,Medio,Si,60.1
16.4,81.0,8.9,100.0,Medio,Si,96.8
15.9,86.7,6.4,52.6,Alto,No,67.5
12.3,82.7,5.2,66.6,Medio,No,70.5
17.6,71.3,6.5,93.2,Bajo,Si,69.8
14.3,94.6,6.9,84.7,Medio,Si,87.2
7.7,92.4,6.9,58.3,Bajo,No,54.4
13.8,79.8,8.4,71.1,Alto,Si,72.9
7.2,72.9,6.3,68.0,Medio,No,56.6
16.4,89.7,7.3,71.9,Alto,No,82.7
11.8,84.6,5.4,58.2,Alto,No,62.9
11.1,61.7,7.4,66.7,Medio,Si,67.6
8.6,81.0,6.8,45.6,Medio,No,51.8
18.1,85.7,5.8,69.9,Alto,Si,84.7
11.2,69.4,6.5,74.3,Alto,No,71.5
9.9,84.7,6.5,64.8,Alto,No,67.1
10.2,61.6,6.4,45.4,Bajo,No,45.8
14.7,100.0,9.3,81.8,Medio,No,84.6
13.8,99.5,6.7,73.1,Bajo,Si,76.2
14.1,78.5,6.5,57.8,Alto,No,81.8
14.2,87.1,3.9,64.1,Medio,No,70.4
22.7,48.3,5.5,47.0,Medio,Si,73.2
10.0,65.8,6.4,53.6,Bajo,No,70.2
9.4,77.9,5.8,60.5,Medio,No,61.8
7.9,67.0,8.7,85.2,Alto,No,74.3
15.1,92.0,6.6,59.0,Bajo,No,70.5
17.6,,8.6,77.0,Bajo,No,74.9
11.4,65.5,6.9,60.5,Alto,No,61.9
7.8,70.3,6.9,71.5,Alto,Si,63.2
7.9,85.3,6.7,66.0,Bajo,Si,63.4
15.3,100.0,,80.2,Medio,Si,80.5
15.7,64.9,9.2,60.5,Alto,No,75.3
14.7,85.5,3.6,46.0,Alto,No,69.3
8.7,100.0,4.0,48.7,Medio,No,60.7
13.2,58.9,6.0,60.6,Medio,Si,61.0
12.6,64.1,6.8,50.5,Medio,Si,56.5
13.1,76.1,7.8,73.7,Bajo,No,73.8
16.4,74.7,7.5,61.5,Alto,Si,81.3
13.1,93.4,6.3,100.0,Bajo,Si,68.9
15.4,85.4,8.2,43.7,Bajo,No,61.5
12.3,57.2,8.2,70.9,Alto,Si,72.7
13.4,89.2,,52.2,Alto,Si,76.9
15.2,73.9,8.1,61.1,Alto,No,79.4
4.7,99.8,7.2,70.0,Medio,No,64.4
10.4,73.2,6.0,35.4,Medio,Si,56.8
9.6,73.1,7.8,71.3,Medio,No,65.3
8.8,89.6,7.0,94.6,Medio,No,69.4
10.6,92.7,6.8,61.7,Medio,No,64.1
19.5,88.3,8.9,71.6,Medio,No,83.7
7.7,58.4,3.4,82.3,Medio,No,54.4
16.8,89.5,4.8,65.7,Alto,No,63.8
3.6,67.5,5.1,59.9,Alto,No,48.7
10.3,85.3,6.3,36.1,Bajo,No,50.9
12.8,62.1,6.4,77.0,Medio,Si,66.5
14.9,88.2,4.7,66.4,Bajo,Si,64.8
15.6,70.7,5.4,53.8,Medio,No,65.5
16.0,64.0,5.6,69.8,Medio,Si,62.6
10.3,92.0,10.2,59.8,Bajo,No,56.9
9.7,85.4,9.3,60.6,Alto,No,68.9
16.3,73.4,6.2,76.5,Medio,No,77.4
11.0,100.0,6.3,49.3,Alto,Si,79.1
5.6,75.8,5.2,82.7,Bajo,No,59.8
6.3,82.4,4.1,48.4,Bajo,No,35.8
7.4,85.8,6.6,58.7,Medio,Si,59.2
14.5,73.3,5.4,94.9,Bajo,Si,74.3
12.7,88.6,6.7,83.8,Medio,Si,77.6
15.5,74.5,4.6,69.4,Alto,Si,75.9
9.9,76.2,5.7,54.8,Bajo,Si,49.5
12.8,100.0,7.0,60.6,Bajo,No,66.7
15.1,67.4,7.3,69.0,Medio,No,72.0
10.5,48.2,7.4,68.5,Medio,Si,65.9
14.3,100.0,5.0,66.7,Medio,Si,67.7
8.7,100.0,8.0,67.6,Medio,Si,68.7
10.2,76.3,5.7,65.0,Alto,No,48.3
10.1,54.9,7.7,47.8,Bajo,Si,48.1
6.0,77.7,6.8,60.8,Medio,No,52.7
14.4,78.0,4.9,80.8,Medio,Si,66.2
9.7,79.3,6.4,48.8,Alto,Si,63.6
12.1,66.4,7.3,65.3,Medio,No,63.6
14.4,90.1,7.7,56.5,Medio,Si,58.6
14.2,89.3,6.6,69.6,Bajo,Si,71.3
15.3,61.1,8.9,62.6,Bajo,Si,61.7
11.5,91.8,8.2,88.7,Bajo,No,76.8
9.9,100.0,6.4,75.1,Alto,No,66.3
11.6,,7.9,49.6,Medio,No,63.4
3.6,,9.5,77.4,Alto,No,65.0
4.8,80.0,9.5,57.2,Bajo,Si,58.3
5.4,90.6,,59.9,Alto,No,59.3
7.0,57.8,5.5,72.4,Alto,Si,58.7
14.0,84.3,8.9,61.1,Bajo,No,58.8
7.5,76.5,,80.5,Bajo,No,48.4
10.1,100.0,4.9,57.2,Bajo,Si,56.3
18.5,79.6,6.1,59.3,Alto,No,75.4
10.2,100.0,,58.8,Bajo,Si,61.3
15.7,66.5,6.7,60.1,Medio,No,69.8
7.3,90.2,5.9,83.4,Medio,Si,66.4
11.0,86.5,5.9,76.8,Alto,No,66.2
7.2,69.8,5.8,91.9,Medio,No,62.3
10.3,84.5,5.6,99.7,Medio,Si,76.8
16.2,99.0,10.0,53.6,Alto,No,83.7
3.4,77.5,7.2,69.0,Bajo,No,62.9
14.2,58.3,8.0,51.5,Alto,No,61.9
13.2,81.8,6.1,57.1,Bajo,Si,61.6
9.0,69.4,6.5,59.2,Medio,No,59.7
4.8,,5.8,53.2,Alto,No,53.7
12.4,80.9,,53.3,Medio,No,53.1
9.4,58.1,,66.0,Medio,Si,47.0
13.2,,4.3,51.0,Medio,Si,52.8
12.1,88.7,3.7,79.8,Medio,No,60.5
20.0,74.7,5.1,55.2,Medio,Si,61.0
10.8,46.1,8.7,100.0,Medio,No,66.5
6.9,93.0,6.7,61.7,Medio,No,54.3
12.9,85.8,8.6,69.0,Medio,Si,78.4
13.1,72.0,7.4,49.9,Medio,Si,67.4
18.8,63.6,7.9,91.9,Medio,No,76.6
16.2,93.7,5.5,83.7,Medio,Si,78.6
13.8,86.9,7.5,72.2,Bajo,No,58.2
19.3,100.0,7.8,49.1,Alto,No,77.9
6.1,87.9,6.0,70.9,Medio,No,62.4
8.8,87.4,7.6,52.3,Bajo,Si,63.5
7.4,79.7,7.6,88.5,Medio,No,64.2
10.1,93.4,6.0,79.3,Alto,No,79.7
5.1,90.8,5.2,69.3,Bajo,Si,46.4
15.2,99.5,5.1,33.9,Bajo,No,50.0
10.9,74.7,6.9,54.2,Bajo,No,60.2
4.6,75.9,7.3,77.6,Bajo,No,65.9
6.9,75.3,5.7,85.0,Alto,No,69.3
13.6,,6.8,83.5,Alto,Si,82.6
16.2,100.0,7.6,45.7,Bajo,Si,56.0
22.0,75.6,7.7,72.2,Alto,Si,76.1
26.6,76.1,9.0,82.2,Bajo,Si,92.8
14.1,86.4,8.6,44.8,Medio,No,64.6
7.1,78.6,5.4,67.9,Alto,Si,56.6
1.3,95.3,9.2,71.8,Medio,No,61.6
13.3,50.5,6.1,63.8,Bajo,Si,58.1
7.9,70.4,8.3,42.1,Medio,Si,61.2
9.9,71.0,6.9,63.4,Alto,No,65.6
8.9,49.5,6.2,63.4,Medio,Si,62.8
11.3,,4.3,65.9,Bajo,No,54.2
17.3,69.2,6.6,60.1,Bajo,No,64.0
12.8,79.2,4.6,61.8,Medio,No,68.2
11.2,97.6,8.2,67.4,Medio,Si,68.0
6.8,78.6,8.9,74.2,Alto,No,86.2
3.6,67.6,5.7,63.7,Alto,Si,57.6
9.6,81.2,7.2,62.3,Alto,No,69.0
11.7,96.7,5.8,69.3,Alto,No,75.8
20.8,68.3,5.9,41.1,Bajo,Si,75.2
12.7,69.3,7.9,74.7,Medio,Si,76.2
16.9,89.8,6.7,68.0,Medio,Si,67.9
9.5,78.9,9.2,68.6,Medio,Si,78.2
6.1,91.1,6.1,81.5,Alto,No,66.3
7.2,,8.2,40.7,Medio,No,55.1
8.4,91.8,6.9,40.4,Alto,No,52.2
22.6,67.5,7.9,71.8,Medio,Si,86.8
7.9,81.8,6.2,67.9,Medio,No,56.6
16.2,79.1,6.7,70.4,Medio,Si,75.5
7.5,65.0,6.6,61.5,Bajo,No,49.3
16.7,60.1,5.6,77.3,Bajo,Si,79.1
13.9,91.6,7.7,81.1,Medio,Si,91.7
11.2,77.1,7.7,74.8,Bajo,No,65.2
11.8,67.7,7.6,64.3,Alto,Si,70.5
8.7,80.7,9.0,38.5,Bajo,No,50.7
14.2,,8.8,78.8,Bajo,No,83.5
9.7,50.1,6.3,85.1,Alto,Si,65.7
5.9,61.0,7.3,77.0,Bajo,No,51.7
5.6,69.1,,55.7,Alto,No,60.1
12.9,100.0,,77.4,Alto,No,76.2
19.9,86.0,6.0,80.0,Bajo,No,76.9
12.8,92.7,9.1,89.8,Medio,No,72.3
11.4,66.0,7.3,55.7,Medio,No,64.1
13.4,66.3,6.5,64.8,Alto,No,79.8
18.5,88.3,8.5,78.5,Alto,No,92.1
13.1,82.8,3.8,68.8,Alto,Si,78.5
9.9,89.7,4.0,52.4,Medio,Si,53.0
17.5,79.4,7.9,73.8,Medio,No,79.4
14.1,85.9,6.9,76.1,Medio,Si,70.1
19.7,84.2,7.2,69.2,Alto,Si,83.8
12.9,92.9,4.9,71.1,Medio,Si,75.1
5.9,,6.8,64.4,Medio,No,60.9
5.2,59.3,9.6,88.7,Medio,Si,58.2
20.3,50.5,8.0,55.4,Alto,No,65.6
20.6,96.0,7.0,59.8,Alto,No,75.5
11.1,98.6,6.2,68.2,Bajo,No,67.6
10.1,67.7,6.2,80.3,Bajo,Si,74.8
19.3,56.0,3.8,47.0,Medio,No,67.5
6.5,83.4,7.2,49.7,Medio,No,43.5
7.5,95.0,8.0,39.5,Medio,No,65.6
15.2,100.0,4.6,68.5,Bajo,No,73.3
10.0,89.2,5.9,52.3,Medio,Si,52.2
12.0,76.8,5.2,62.6,Medio,No,59.6
11.2,69.5,5.4,77.3,Medio,Si,72.5
13.7,82.2,6.9,59.0,Medio,No,70.1
19.0,77.8,3.9,71.2,Alto,No,67.7
12.5,67.8,7.7,63.8,Medio,Si,70.6
15.2,100.0,7.9,77.4,Alto,No,71.6
1.7,100.0,6.4,74.7,Medio,Si,59.5
11.8,,3.3,58.3,Medio,No,67.9
7.8,69.1,5.4,65.6,Medio,No,55.6
5.9,,8.5,82.6,Bajo,Si,64.4
7.6,91.0,3.0,73.5,Medio,Si,65.5
10.3,88.2,6.3,48.4,Medio,No,65.1
16.6,99.5,5.1,77.2,Alto,Si,91.1
5.4,90.9,7.9,52.8,Medio,No,62.7
12.2,92.4,5.9,87.8,Bajo,No,76.8
9.6,,7.4,82.3,Medio,No,75.9
10.4,86.8,7.6,72.1,Bajo,Si,68.4
17.0,57.0,9.4,70.2,Alto,No,78.4
14.7,83.2,6.5,65.1,Alto,No,72.3
18.7,74.2,7.3,77.5,Medio,Si,73.3
11.2,64.1,4.7,62.8,Medio,Si,53.1
8.5,100.0,8.5,71.3,Medio,Si,70.9
10.9,100.0,5.7,80.2,Medio,Si,75.1
13.2,100.0,6.0,60.1,Alto,No,81.6
12.9,85.6,6.8,59.4,Alto,No,70.2
6.6,100.0,4.6,51.3,Medio,No,60.6
12.5,82.2,7.1,53.1,Medio,Si,72.2
13.1,84.8,8.2,42.4,Bajo,Si,60.3
24.6,66.7,7.2,78.2,Bajo,Si,86.4
21.4,87.6,4.6,93.3,Bajo,No,79.8
7.7,82.8,6.6,88.0,Medio,No,75.7
10.6,63.8,7.8,45.2,Alto,Si,65.7
4.7,,4.2,78.1,Medio,No,48.6
9.0,80.9,5.3,87.9,Bajo,Si,65.6
13.6,100.0,8.0,61.6,Bajo,Si,81.4
18.0,94.5,7.2,69.4,Medio,Si,80.2
8.4,82.2,7.4,39.9,Alto,No,61.1
8.7,85.5,9.4,71.7,Medio,No,72.7
1.3,82.6,7.5,53.1,Alto,No,47.1
11.2,79.2,7.7,70.8,Alto,Si,77.1
6.7,66.8,10.6,46.1,Bajo,Si,46.2
9.4,79.9,6.5,75.6,Medio,No,61.3
7.6,71.6,5.7,82.3,Alto,Si,74.1
11.5,64.5,7.4,57.0,Medio,No,62.5
3.2,89.2,7.4,52.1,Bajo,No,47.1
4.7,87.5,6.1,37.8,Alto,No,54.2
22.6,57.0,5.4,64.3,Alto,No,76.0
5.6,80.3,10.0,59.9,Medio,No,61.5
6.5,95.9,7.3,46.3,Medio,No,60.7
21.2,96.8,5.8,74.3,Bajo,No,74.7
26.5,96.4,8.1,61.7,Alto,No,94.5
6.1,82.5,6.6,52.9,Medio,Si,54.5
10.2,70.2,6.4,60.2,Bajo,No,45.5
13.7,66.8,7.6,83.0,Medio,Si,68.9
20.6,86.8,5.0,76.4,Alto,No,92.8
7.1,87.3,7.3,66.2,Alto,No,68.4
10.8,100.0,9.5,76.7,Medio,No,69.2
15.9,97.4,7.5,51.7,Bajo,No,58.6
14.2,80.1,6.3,68.5,Alto,No,72.3
10.1,64.6,6.1,70.1,Alto,Si,75.6
11.3,77.5,6.2,61.4,Medio,Si,63.1
5.1,85.0,6.4,74.1,Medio,Si,69.8
10.8,79.2,6.3,57.1,Medio,No,62.7
10.7,73.9,8.1,75.1,Medio,No,71.1
13.2,,4.4,75.7,Bajo,Si,57.7
9.2,74.9,8.0,27.2,Bajo,No,52.7
14.4,73.2,6.3,84.7,Bajo,Si,68.9
17.1,86.4,7.3,25.3,Alto,No,71.5
12.8,76.4,5.2,59.4,Bajo,No,52.6
13.8,85.4,8.7,82.4,Bajo,Si,77.4
12.3,85.8,8.5,63.6,Medio,No,72.3
12.0,66.0,8.1,47.5,Bajo,No,54.7
8.4,75.3,4.7,52.7,Bajo,Si,52.6
13.6,100.0,8.0,82.4,Medio,No,78.4
11.5,65.7,7.4,41.1,Medio,No,51.5
22.5,52.4,4.6,83.8,Medio,No,85.5
19.9,,6.8,67.2,Alto,No,82.1
13.9,82.4,7.3,51.3,Bajo,No,56.9
8.2,82.4,7.6,59.8,Alto,Si,70.4
6.4,80.4,7.0,53.8,Alto,No,54.8
18.0,99.0,7.2,80.1,Alto,No,80.5
13.3,44.6,8.9,78.3,Medio,Si,76.0
14.4,87.5,8.5,43.9,Medio,Si,58.9
3.3,100.0,3.0,62.3,Medio,Si,58.3
16.6,66.2,6.4,55.9,Medio,No,63.8
14.3,76.7,6.6,86.1,Bajo,No,69.2
6.4,71.5,4.3,49.1,Alto,No,53.4
9.6,69.5,6.9,90.5,Medio,Si,74.2
13.3,77.4,8.5,67.5,Alto,Si,72.1
12.3,100.0,5.3,51.7,Medio,No,67.9
10.5,100.0,7.3,58.5,Bajo,No,63.7
11.5,,5.5,56.8,Medio,No,52.1
10.7,100.0,5.9,50.2,Medio,No,61.1
12.8,82.5,8.9,69.3,Medio,No,80.8
19.4,100.0,6.0,50.8,Medio,No,84.3
0.0,80.7,7.4,37.5,Bajo,No,42.5
10.8,,4.2,62.7,Medio,No,52.5
12.9,87.1,9.4,42.8,Medio,Si,71.1
13.5,100.0,7.6,57.5,Alto,Si,82.5
10.1,93.9,6.5,55.3,Bajo,Si,65.2
3.2,72.1,7.6,55.8,Medio,Si,57.5
13.6,95.6,4.8,96.0,Medio,Si,82.0
20.6,76.9,8.5,68.8,Medio,No,80.6
4.3,75.1,6.3,71.4,Medio,Si,54.0
16.3,94.7,6.5,43.1,Medio,No,56.0
10.4,82.4,6.1,58.8,Alto,No,67.0
11.7,85.9,6.0,71.0,Medio,No,68.3
6.7,82.2,7.8,53.7,Medio,No,60.7
10.3,,7.2,80.7,Bajo,Si,60.7
18.5,87.9,7.7,51.2,Medio,No,77.4
14.9,54.9,6.8,64.0,Medio,Si,78.2
20.7,91.3,7.5,59.8,Bajo,No,76.1
17.9,68.3,6.2,70.3,Medio,Si,73.5
14.2,61.8,9.9,59.0,Medio,Si,72.4
20.7,81.2,4.6,64.2,Alto,No,89.9
14.2,83.2,8.6,64.7,Medio,No,66.4
16.1,72.3,8.7,57.7,Medio,No,72.1
10.5,93.6,5.6,74.8,Medio,No,63.0
12.3,63.2,9.9,71.3,Bajo,Si,65.0
8.5,76.3,8.2,66.8,Bajo,No,59.1
16.9,73.8,8.2,62.0,Medio,Si,82.7
6.1,81.3,6.8,79.2,Alto,Si,79.6
15.9,85.9,6.5,64.7,Bajo,Si,72.5
11.0,67.9,6.5,63.7,Medio,Si,60.7
17.9,92.1,7.3,69.5,Alto,Si,99.8
15.8,82.9,8.8,91.8,Alto,No,85.1
21.1,55.5,7.1,49.2,Medio,Si,66.7
15.7,54.6,5.5,78.8,Medio,Si,58.6
4.1,81.8,8.0,41.5,Medio,No,58.6
11.7,78.9,8.1,71.0,Alto,Si,81.2
6.1,80.6,7.7,90.1,Bajo,No,78.2
9.4,81.6,,74.8,Alto,No,63.4
19.6,85.2,6.4,70.4,Bajo,No,83.0
15.2,95.3,5.5,60.2,Alto,No,74.0
8.5,66.4,5.6,68.4,Bajo,Si,59.9
6.9,65.6,4.5,64.5,Bajo,Si,39.7
12.2,66.7,7.1,57.0,Bajo,No,66.0
5.9,86.0,6.7,63.9,Medio,No,63.1
8.6,99.4,6.2,70.8,Medio,No,66.1
13.6,76.0,3.0,57.3,Bajo,Si,59.6
17.8,47.0,5.1,56.7,Medio,No,56.0
15.0,58.1,8.4,49.0,Medio,Si,61.4
0.5,70.3,5.9,73.5,Alto,Si,52.5
13.5,74.2,7.3,75.6,Alto,Si,65.8
12.4,76.3,4.9,71.2,Medio,No,69.2
14.1,82.5,8.8,81.5,Bajo,Si,83.3
20.1,77.6,6.6,69.2,Medio,No,73.0
1.7,96.7,7.2,73.5,Alto,No,65.1
9.0,72.5,10.1,72.3,Bajo,No,62.8
15.0,69.9,8.9,66.7,Medio,No,74.0
4.1,88.7,6.4,60.6,Alto,No,55.1
19.4,60.5,6.0,99.0,Alto,Si,81.6
13.8,87.5,6.3,61.7,Medio,Si,76.4
16.2,83.4,7.5,58.7,Medio,No,71.2
9.1,,6.7,74.1,Medio,Si,78.7
16.1,100.0,6.2,71.5,Alto,Si,83.1
17.3,73.3,8.9,48.3,Bajo,Si,62.4
13.2,100.0,6.6,83.7,Bajo,Si,82.9
13.2,78.8,10.0,66.7,Medio,Si,79.3
13.4,64.1,6.9,52.4,Bajo,Si,62.7
7.7,83.0,9.3,84.6,Medio,No,78.6
11.3,66.9,7.3,76.8,Medio,Si,64.7
11.2,71.5,8.1,50.3,Alto,No,63.9
13.9,87.6,5.8,92.9,Alto,No,80.2
17.0,89.8,5.6,77.2,Medio,Si,70.8
6.7,73.3,7.4,67.9,Alto,No,61.7
11.4,95.8,8.2,90.3,Medio,No,87.1
19.4,98.2,6.9,70.2,Medio,No,83.0
8.3,100.0,5.0,67.6,Bajo,Si,52.7
7.9,89.4,4.9,58.8,Alto,Si,53.6
13.0,100.0,4.8,76.1,Alto,Si,87.6
16.2,55.7,4.3,74.7,Alto,No,68.3
12.1,77.5,7.0,68.2,Alto,No,66.8
18.6,69.9,8.4,56.9,Alto,No,75.2
16.3,83.7,6.8,69.8,Bajo,No,61.1
16.2,74.0,3.6,67.0,Alto,No,77.7
14.8,79.7,6.5,49.3,Medio,No,61.7
23.6,100.0,6.6,47.4,Medio,Si,90.1
11.0,79.6,9.7,75.9,Medio,No,73.5
2.0,87.8,4.8,31.6,Medio,Si,50.2
20.0,78.7,6.3,70.9,Medio,Si,80.8
9.7,83.1,9.2,61.3,Bajo,No,67.7
12.5,82.1,7.4,86.3,Bajo,No,75.3
18.5,88.3,7.6,61.1,Medio,Si,82.4
4.0,98.3,7.0,77.2,Alto,No,69.3
5.7,100.0,7.3,62.4,Medio,Si,62.4
4.0,86.3,7.9,69.6,Medio,Si,73.3
8.0,90.3,5.7,78.3,Medio,Si,61.5
14.2,65.9,8.0,61.5,Medio,No,66.8
14.6,80.8,4.9,82.0,Bajo,No,67.6
13.4,95.2,7.3,54.1,Alto,Si,76.8
4.9,94.1,7.1,72.1,Bajo,Si,57.6
0.4,85.0,5.9,80.9,Alto,Si,62.8
12.3,94.4,6.8,77.2,Alto,Si,78.2
9.6,88.9,5.9,94.8,Medio,No,63.1
14.3,98.8,5.3,57.3,Alto,No,72.0
15.5,86.1,6.3,48.7,Medio,No,59.2
12.7,77.0,5.3,54.1,Alto,Si,55.4
15.8,86.7,7.3,77.2,Alto,No,82.0
13.1,41.0,5.2,75.0,Alto,Si,68.0
14.7,87.4,7.8,69.4,Medio,Si,79.4
8.5,30.9,5.1,52.3,Alto,No,50.6
11.1,57.9,6.0,78.7,Alto,No,55.1
13.0,88.3,5.9,50.9,Medio,No,54.7
16.1,88.7,8.7,84.2,Alto,No,98.6
10.0,65.7,7.3,100.0,Alto,No,69.8
14.6,72.0,6.5,73.1,Medio,No,73.3
10.7,100.0,7.5,76.2,Alto,No,73.2
11.4,75.2,3.8,61.1,Medio,Si,59.9
16.1,100.0,,42.7,Medio,Si,66.8
2.0,82.0,9.6,59.6,Bajo,Si,57.5
5.5,87.7,7.0,52.7,Bajo,Si,54.0
4.6,,6.9,47.7,Alto,Si,58.2
0.3,83.8,7.6,92.1,Medio,No,54.7
8.6,,8.1,71.8,Medio,No,64.7
15.7,80.5,4.0,73.3,Bajo,No,57.4
10.6,81.5,4.4,63.7,Medio,Si,64.1
13.0,62.9,7.1,65.6,Alto,No,83.9
17.4,78.4,5.8,81.5,Alto,Si,90.4
18.6,71.6,8.6,67.5,Bajo,Si,79.4
11.7,94.9,6.4,75.4,Medio,Si,72.7
18.8,82.5,4.1,65.3,Medio,Si,61.1
12.5,78.0,5.0,63.2,Medio,Si,56.3
7.8,80.5,3.0,48.3,Medio,No,55.8
9.0,85.1,6.5,40.3,Medio,No,49.7
4.6,90.6,6.5,64.3,Medio,No,53.3
7.6,68.0,6.2,68.8,Medio,Si,58.4
10.2,67.4,8.3,50.0,Medio,No,52.2
16.0,97.5,8.5,67.5,Medio,No,71.6
20.6,76.2,6.6,68.8,Alto,Si,83.1
5.1,62.2,3.8,37.8,Alto,No,37.2
14.0,88.2,7.7,55.2,Medio,No,64.3
6.8,88.5,7.6,73.7,Alto,No,64.2
14.4,60.6,7.2,73.4,Alto,Si,77.4
11.3,85.2,8.2,51.8,Bajo,No,59.0
2.8,92.3,5.2,70.2,Medio,Si,55.9
16.6,87.2,9.6,82.3,Medio,Si,89.9
9.0,90.8,5.5,78.9,Alto,Si,71.3
9.3,62.3,7.8,66.7,Bajo,No,55.1
6.7,86.6,4.4,61.4,Medio,Si,59.5
8.7,77.8,5.5,59.2,Medio,Si,62.7
14.1,75.2,8.9,74.5,Medio,Si,75.7
11.1,94.2,6.4,70.7,Alto,No,73.3
13.6,100.0,,76.8,Medio,No,73.7
13.8,100.0,7.1,69.8,Alto,No,73.7
18.6,100.0,6.7,79.5,Alto,Si,94.1
10.3,80.5,8.7,69.3,Alto,Si,77.1
4.6,86.9,6.5,79.0,Bajo,No,60.0
17.3,92.7,4.3,80.2,Alto,Si,83.9
10.3,83.7,5.7,56.7,Bajo,No,56.0
17.6,83.8,7.6,42.7,Medio,No,72.6
13.9,93.5,7.4,89.6,Alto,No,89.9
11.3,81.2,,71.6,Medio,No,68.8
13.7,71.8,5.8,44.0,Medio,No,57.2
21.8,76.2,6.0,58.0,Medio,Si,84.8
22.4,90.9,6.3,78.8,Alto,No,91.1
12.3,82.0,4.9,64.1,Alto,Si,72.8
12.8,86.8,5.9,60.8,Medio,No,67.2
17.4,91.4,5.8,87.6,Alto,Si,88.5
7.8,76.8,7.9,53.3,Bajo,Si,51.2
13.7,92.6,7.9,56.8,Bajo,No,70.5
11.9,87.3,6.6,71.0,Medio,Si,87.9
13.6,64.7,6.3,73.5,Alto,Si,70.1
7.8,100.0,7.0,74.9,Bajo,No,64.6
4.1,75.0,5.7,80.8,Bajo,Si,52.3
1.6,58.8,5.2,70.8,Bajo,No,39.2
6.4,67.4,5.5,74.9,Alto,Si,71.6
9.7,,5.9,64.4,Bajo,Si,52.2
10.5,82.7,5.2,68.9,Medio,Si,61.9
21.7,,7.0,69.5,Alto,No,74.8
17.5,77.3,7.8,71.0,Bajo,No,67.9
7.2,90.7,4.6,78.8,Medio,Si,53.9
13.7,86.8,6.8,75.8,Medio,No,77.0
10.0,86.4,6.5,68.6,Alto,No,85.9
10.6,87.7,7.3,56.7,Medio,No,61.6
12.9,90.6,6.8,68.9,Medio,No,60.7
15.1,52.5,4.8,67.6,Bajo,No,62.5
10.3,76.9,5.0,70.7,Alto,No,61.2
17.3,51.5,,98.9,Alto,No,89.5
6.3,82.5,8.2,60.7,Bajo,No,54.2
12.0,81.9,3.7,73.9,Medio,Si,61.8
25.0,96.6,7.3,83.0,Alto,Si,98.6
13.1,98.6,,69.4,Bajo,No,76.4
19.2,84.8,6.6,100.0,Medio,Si,88.0
12.5,75.0,7.6,62.7,Medio,Si,65.0
14.9,88.8,5.8,72.5,Medio,Si,73.1
11.7,74.6,6.6,56.8,Medio,Si,55.7
11.1,82.0,4.5,63.1,Medio,No,62.8
8.1,95.8,3.5,71.5,Bajo,No,45.5
14.2,,8.1,79.8,Medio,No,71.9
7.7,93.3,5.4,72.5,Alto,Si,73.5
15.3,91.5,6.2,85.6,Medio,No,80.1
17.4,68.6,4.9,66.7,Bajo,Si,69.2
13.8,95.6,4.8,63.3,Alto,No,71.3
10.6,91.8,6.6,100.0,Bajo,No,80.3
14.3,83.4,5.8,73.5,Alto,No,80.1
10.5,71.3,7.3,57.9,Medio,No,63.2
16.7,70.0,7.4,58.3,Alto,No,78.5
2.8,74.5,7.2,54.8,Bajo,No,50.3
10.3,89.6,,81.1,Bajo,No,64.8
2.0,68.6,9.0,62.9,Medio,No,45.1
4.5,88.1,5.3,69.8,Bajo,Si,56.9
18.8,64.6,6.7,67.1,Bajo,No,71.5
16.5,,8.4,78.2,Alto,Si,91.3
8.4,83.5,8.6,56.1,Alto,Si,62.5
4.5,100.0,4.8,52.9,Bajo,No,43.2
0.0,62.7,6.4,71.1,Alto,No,53.8
9.3,100.0,8.7,76.4,Alto,Si,79.2
24.1,84.1,7.5,72.7,Alto,Si,81.5
14.2,87.8,7.1,56.7,Medio,Si,72.6
9.2,83.7,6.5,77.5,Medio,No,55.2
14.3,88.2,6.3,57.6,Medio,Si,63.8
4.2,79.8,7.2,60.7,Medio,No,62.7
10.5,100.0,6.4,54.8,Alto,No,79.3
12.5,75.6,6.7,86.2,Bajo,No,60.9
11.6,97.9,6.9,76.9,Medio,No,71.2
16.0,73.0,5.9,76.5,Bajo,Si,69.9
13.7,81.2,7.5,85.5,Alto,Si,93.0
15.3,67.0,10.9,100.0,Medio,No,83.1
8.6,88.4,4.3,44.1,Medio,Si,51.0
16.5,100.0,7.3,57.7,Alto,Si,90.1
20.1,80.9,5.7,59.4,Alto,Si,77.1
7.1,79.2,7.6,56.1,Bajo,Si,60.1
7.6,66.4,6.9,52.9,Alto,No,48.2
18.7,78.8,7.9,63.8,Alto,No,79.1
11.0,59.7,8.4,51.0,Bajo,No,44.6
19.0,69.2,7.1,72.7,Alto,No,73.6
9.8,85.2,8.4,68.7,Medio,No,73.1
19.3,100.0,3.5,74.7,Medio,No,77.0
12.7,100.0,9.0,75.1,Medio,No,76.5
13.3,73.8,7.3,76.4,Medio,No,66.3
19.8,100.0,8.3,62.8,Bajo,Si,79.5
10.2,,5.1,97.7,Bajo,No,69.8
7.3,79.9,5.6,71.3,Bajo,Si,63.3
9.8,88.1,7.0,41.9,Medio,Si,43.8
14.3,82.9,6.8,54.0,Medio,Si,63.0
4.2,83.5,7.2,43.6,Bajo,Si,48.9
15.2,76.3,8.3,68.2,Medio,Si,74.5
9.3,62.4,4.3,66.3,Medio,No,56.7
17.7,60.4,8.2,61.4,Medio,No,72.2
0.0,91.1,6.8,96.2,Alto,Si,66.3
8.1,78.1,6.5,75.7,Medio,No,59.9
3.6,73.7,4.7,78.2,Alto,Si,58.1
7.9,82.1,7.5,55.0,Bajo,No,61.7
13.2,93.1,3.4,54.0,Alto,Si,62.4
11.1,84.5,7.7,68.5,Alto,Si,74.0
10.7,72.8,4.7,70.4,Alto,No,65.6
11.2,99.2,6.9,42.0,Medio,No,71.1
13.0,100.0,6.6,65.5,Medio,No,69.7
7.0,88.9,8.4,68.2,Medio,No,70.7
15.5,95.6,6.5,65.0,Medio,No,81.0
15.3,99.4,5.8,56.6,Alto,Si,75.8
