edad,ingreso_anual,monto_préstamo,puntaje_crédito,deuda_sobre_ingreso,años_empleo,impagos_anteriores,motivo_préstamo,préstamo_aprobado
25,33325.3,1000.0,680.0,0.204,4.0,0,Vehículo,Aprobado
58,36344.2,1368.1,666.0,0.503,9.8,0,Vivienda,Aprobado
53,33968.4,8335.7,595.0,0.497,8.7,0,Personal,Rechazado
42,40441.0,10538.2,648.0,0.549,,0,Vivienda,Rechazado
42,61543.9,11732.9,594.0,0.582,0.5,1,Vivienda,Rechazado
63,8000.0,15308.6,554.0,0.282,8.5,0,Vivienda,Rechazado
25,34210.4,12506.0,618.0,0.498,0.6,0,Personal,Aprobado
55,40824.2,23394.7,551.0,0.524,11.3,1,Vivienda,Aprobado
30,42735.9,9591.9,679.0,0.2,6.2,1,Educación,Aprobado
25,32049.4,8101.5,546.0,0.604,7.7,0,Educación,Rechazado
46,9892.5,18831.0,714.0,0.061,3.2,0,Personal,Aprobado
68,43247.9,2714.9,544.0,0.646,1.9,0,Vivienda,Rechazado
57,65637.6,18117.5,599.0,0.501,2.4,1,Vivienda,Rechazado
58,13458.2,15820.4,594.0,0.061,0.8,1,Vehículo,Aprobado
56,51821.2,13820.5,769.0,0.427,2.6,2,Vivienda,Aprobado
59,32743.6,27706.2,680.0,0.022,7.0,0,Educación,Aprobado
46,37018.8,10022.3,631.0,0.501,,1,Vehículo,Rechazado
27,21153.6,31482.4,695.0,0.519,0.4,1,Vehículo,Rechazado
62,32648.7,13196.5,460.0,0.392,11.9,0,Vivienda,Rechazado
43,58800.7,4783.9,646.0,0.557,18.3,0,Educación,Aprobado
45,47322.5,15559.4,830.0,0.064,15.8,2,Vivienda,Aprobado
39,65717.0,6390.0,662.0,0.179,4.7,2,Educación,Aprobado
29,56838.6,8986.0,656.0,0.269,11.8,0,Vivienda,Aprobado
66,,18176.3,699.0,0.028,8.6,1,Personal,Aprobado
59,65903.0,19444.7,731.0,0.291,4.6,0,Educación,Aprobado
52,45023.9,10022.7,470.0,0.172,,1,Vivienda,Rechazado
40,51247.8,22899.2,499.0,0.255,1.1,2,Vivienda,Rechazado
61,33254.9,24260.1,669.0,0.276,10.4,0,Vehículo,Aprobado
47,39064.7,26490.4,586.0,0.572,0.5,0,Vivienda,Rechazado
42,26841.2,19235.3,768.0,0.176,6.9,0,Vivienda,Aprobado
43,53833.3,25907.4,622.0,0.581,23.2,0,Personal,Aprobado
32,19147.1,1000.0,476.0,0.277,8.6,0,Educación,Aprobado
25,50517.6,12456.7,536.0,0.213,4.8,0,Vivienda,Rechazado
48,34949.6,8064.0,403.0,0.327,2.9,0,Educación,Rechazado
64,56740.0,15953.8,629.0,0.272,11.3,0,Vivienda,Rechazado
24,50013.9,10428.4,633.0,0.167,0.6,0,Personal,Aprobado
63,67130.3,13670.7,612.0,0.327,4.1,0,Vivienda,Aprobado
61,49692.4,30057.4,747.0,0.099,8.9,0,Educación,Aprobado
34,12847.4,13642.2,758.0,0.229,2.5,1,Personal,Aprobado
51,36928.7,18310.3,635.0,0.368,3.0,2,Vivienda,Rechazado
29,19247.9,13141.8,458.0,0.269,0.6,0,Vivienda,Rechazado
58,29707.5,15605.7,706.0,0.536,1.0,0,Vehículo,Aprobado
55,62179.7,15048.1,700.0,0.167,0.2,0,Personal,Aprobado
38,48200.5,18586.6,678.0,0.63,2.6,0,Vehículo,Aprobado
24,26817.1,24322.5,738.0,0.51,4.4,0,Educación,Aprobado
68,21780.5,28179.2,545.0,0.629,2.4,2,Personal,Rechazado
42,38524.5,17477.0,831.0,0.545,2.1,0,Personal,Aprobado
64,18535.0,19716.4,564.0,0.092,6.9,0,Vehículo,Aprobado
54,27261.8,5793.1,717.0,0.342,16.6,1,Vehículo,Aprobado
59,42992.2,14297.0,498.0,0.11,4.5,0,Educación,Rechazado
58,56485.0,22522.3,566.0,0.532,4.7,0,Vivienda,Rechazado
30,47740.2,21927.7,786.0,0.38,2.0,0,Personal,Aprobado
38,8000.0,16692.9,627.0,0.171,2.8,0,Vivienda,Rechazado
43,42869.9,22091.2,726.0,0.604,2.5,0,Vivienda,Aprobado
45,39152.5,18926.1,671.0,0.075,18.4,0,Personal,Aprobado
23,44622.2,24602.5,641.0,0.367,7.5,0,Vehículo,Aprobado
47,,17314.9,773.0,0.469,9.2,0,Vivienda,Aprobado
28,8000.0,12154.4,629.0,0.038,1.3,0,Vivienda,Rechazado
57,28542.3,17686.7,490.0,0.389,10.4,0,Vehículo,Aprobado
54,47454.5,1000.0,578.0,0.53,3.5,1,Personal,Aprobado
66,12694.5,18063.1,700.0,0.044,0.9,1,Vivienda,Rechazado
57,61615.2,1000.0,686.0,0.333,6.2,0,Vivienda,Aprobado
38,43893.7,1212.3,509.0,0.168,1.0,1,Vehículo,Rechazado
68,51545.3,18614.1,585.0,0.431,3.6,0,Personal,Aprobado
41,28864.9,18820.2,598.0,0.077,0.8,0,Vivienda,Aprobado
36,51020.2,5700.6,617.0,0.609,4.7,0,Personal,Rechazado
65,55095.5,9303.2,526.0,0.582,1.4,3,Personal,Rechazado
39,41726.0,25964.3,593.0,0.121,1.4,0,Vivienda,Aprobado
24,41750.4,11127.8,584.0,0.21,1.0,1,Personal,Rechazado
44,42325.5,32943.4,719.0,0.382,0.3,1,Educación,Rechazado
59,24186.5,14984.6,723.0,0.467,0.8,0,Vehículo,Aprobado
30,35639.5,18264.3,637.0,0.288,8.9,1,Vehículo,Aprobado
43,,27935.0,615.0,0.102,2.8,0,Personal,Aprobado
27,44134.3,16048.2,663.0,0.068,10.7,0,Personal,Aprobado
54,53997.2,6981.2,577.0,0.65,16.0,0,Personal,Rechazado
44,21063.4,14122.2,547.0,0.296,17.4,1,Personal,Rechazado
37,35999.9,14715.1,565.0,0.567,0.4,0,Vehículo,Rechazado
32,61703.3,4082.1,593.0,0.314,4.7,0,Personal,Rechazado
48,26102.6,12953.3,545.0,0.6,0.6,0,Personal,Rechazado
53,24844.0,9062.5,665.0,0.057,,0,Vivienda,Aprobado
67,41236.9,22394.9,716.0,0.074,9.1,0,Vivienda,Aprobado
42,51510.2,15276.9,507.0,0.604,2.7,3,Vehículo,Rechazado
28,38182.8,12737.6,652.0,0.616,2.9,0,Personal,Rechazado
61,59263.4,14150.5,630.0,0.205,4.9,1,Vivienda,Aprobado
51,51708.7,16785.0,681.0,0.231,7.0,0,Educación,Aprobado
55,51469.1,19934.5,649.0,0.294,11.2,1,Vivienda,Aprobado
25,46865.9,7002.3,519.0,0.271,,1,Vehículo,Rechazado
36,,6667.3,536.0,0.124,4.9,0,Educación,Rechazado
58,34717.4,23837.4,653.0,0.584,2.9,0,Vivienda,Aprobado
61,8000.0,11701.3,743.0,0.165,1.9,0,Personal,Aprobado
42,63668.1,3665.3,451.0,0.458,7.4,0,Vivienda,Rechazado
60,30676.8,18550.5,681.0,0.044,3.1,1,Personal,Aprobado
62,39726.1,18707.0,757.0,0.025,8.5,0,Vivienda,Aprobado
39,58952.8,2754.3,636.0,0.425,10.5,1,Personal,Aprobado
65,12363.8,16835.9,700.0,0.22,2.8,1,Educación,Rechazado
35,17973.6,20884.7,587.0,0.426,0.1,1,Vivienda,Rechazado
32,12379.6,17995.1,639.0,0.061,21.2,0,Vivienda,Aprobado
54,25293.8,20055.9,504.0,0.617,7.3,0,Vivienda,Rechazado
52,45034.2,3765.8,439.0,0.487,13.6,0,Educación,Rechazado
27,46387.0,17648.3,735.0,0.57,0.6,1,Personal,Rechazado
61,42420.4,12579.0,561.0,0.089,0.8,0,Vehículo,Aprobado
30,15395.7,11137.7,609.0,0.208,0.4,1,Vehículo,Aprobado
60,8000.0,21964.4,525.0,0.239,1.5,0,Educación,Rechazado
21,38869.7,26834.2,523.0,0.349,0.1,2,Vehículo,Rechazado
60,30451.6,29355.0,634.0,0.193,12.6,3,Educación,Rechazado
59,45350.2,25518.5,584.0,0.039,2.3,0,Vehículo,Aprobado
59,49231.3,14122.1,684.0,0.24,9.6,0,Educación,Aprobado
53,40211.9,17821.8,691.0,0.165,10.7,1,Personal,Aprobado
44,50162.1,21134.6,679.0,0.251,10.6,1,Vehículo,Rechazado
55,41667.4,15969.4,671.0,0.128,4.0,0,Vivienda,Aprobado
34,46481.0,16046.1,792.0,0.17,21.1,0,Vivienda,Aprobado
59,26725.2,21590.0,554.0,0.408,13.3,0,Educación,Rechazado
48,35126.2,14525.7,645.0,0.252,19.2,0,Vehículo,Aprobado
43,41148.4,9165.7,752.0,0.224,5.3,0,Personal,Aprobado
45,51128.5,11684.2,764.0,0.347,12.3,1,Educación,Aprobado
48,31700.1,20071.3,522.0,0.502,3.7,0,Vehículo,Aprobado
22,46338.7,15023.9,622.0,0.246,7.9,0,Personal,Aprobado
27,33746.6,17721.7,772.0,0.382,7.2,0,Vivienda,Aprobado
33,,20360.6,696.0,0.628,0.4,0,Personal,Rechazado
26,51272.3,12001.3,668.0,0.339,1.4,1,Vivienda,Aprobado
42,8000.0,21050.0,630.0,0.591,9.3,0,Educación,Rechazado
53,17256.4,18030.7,615.0,0.516,0.2,0,Personal,Rechazado
53,14285.0,5121.5,676.0,0.038,8.8,0,Personal,Aprobado
44,8000.0,26538.4,627.0,0.279,5.3,0,Personal,Rechazado
62,27147.8,10994.0,646.0,0.454,28.2,1,Vehículo,Aprobado
48,49990.9,1759.2,657.0,0.641,0.2,1,Personal,Rechazado
24,33441.9,6639.7,589.0,0.298,4.3,0,Educación,Aprobado
58,41164.6,6831.6,698.0,0.06,19.1,0,Educación,Aprobado
49,55427.5,15417.4,850.0,0.365,0.1,0,Vivienda,Aprobado
52,59243.0,12809.2,490.0,0.082,6.4,1,Vivienda,Rechazado
48,36893.8,12305.3,679.0,0.488,2.6,2,Educación,Rechazado
48,59657.4,19957.6,582.0,0.33,1.7,0,Vivienda,Aprobado
25,39474.0,17719.0,702.0,0.47,8.1,0,Educación,Aprobado
48,24601.6,17528.4,654.0,0.565,3.8,0,Personal,Rechazado
59,28489.6,18278.6,719.0,0.409,5.1,1,Personal,Aprobado
35,14311.4,19929.1,756.0,0.398,0.0,1,Vivienda,Rechazado
50,23789.9,1000.0,667.0,0.49,4.7,0,Personal,Rechazado
22,32271.7,12084.5,752.0,0.548,0.5,1,Vivienda,Rechazado
38,50857.4,1000.0,439.0,0.565,3.9,1,Vehículo,Rechazado
42,65532.3,15288.5,793.0,0.024,0.5,3,Personal,Aprobado
69,15885.1,14962.9,684.0,0.362,6.6,1,Vivienda,Aprobado
31,44285.2,23364.3,747.0,0.141,1.1,1,Vivienda,Aprobado
34,21351.3,24501.1,540.0,0.559,0.2,0,Vivienda,Rechazado
41,45595.2,16622.2,575.0,0.421,10.2,0,Vehículo,Rechazado
69,35902.6,10997.1,663.0,0.273,1.5,0,Personal,Aprobado
62,8705.5,18881.3,648.0,0.122,0.0,0,Vivienda,Rechazado
22,52852.8,10776.7,675.0,0.22,7.2,1,Vivienda,Aprobado
32,28320.0,14988.9,748.0,0.457,4.5,1,Educación,Aprobado
61,29457.6,22889.1,491.0,0.133,5.7,1,Vivienda,Rechazado
23,20884.0,10537.8,738.0,0.061,12.3,0,Educación,Aprobado
62,27531.5,21445.4,651.0,0.577,1.2,1,Personal,Rechazado
34,44846.2,20419.2,632.0,0.497,1.7,1,Personal,Rechazado
65,,7361.7,518.0,0.13,8.2,0,Personal,Rechazado
35,43258.6,22791.2,695.0,0.19,2.7,1,Vehículo,Aprobado
42,43790.7,20588.5,433.0,0.632,1.8,1,Personal,Rechazado
53,59130.6,15815.4,708.0,0.46,10.1,1,Vivienda,Aprobado
27,32515.4,8901.4,516.0,0.397,2.6,0,Vivienda,Rechazado
48,14370.3,8126.4,655.0,0.2,2.5,4,Educación,Aprobado
45,55075.6,10698.7,639.0,0.194,17.6,0,Vivienda,Rechazado
59,32696.2,19340.8,755.0,0.026,0.1,0,Personal,Aprobado
69,55833.5,7355.0,634.0,0.474,18.0,0,Educación,Aprobado
53,44134.0,18500.1,588.0,0.028,2.4,0,Personal,Rechazado
41,35901.8,5066.0,604.0,0.003,19.6,1,Vehículo,Aprobado
40,43580.4,13367.5,765.0,0.474,0.8,0,Vehículo,Aprobado
41,69216.2,15877.2,698.0,0.617,5.1,0,Educación,Rechazado
60,71231.7,34561.0,615.0,0.492,8.1,0,Vivienda,Aprobado
36,39110.1,3981.5,629.0,0.307,8.4,0,Vehículo,Aprobado
29,40563.0,26776.1,509.0,0.316,0.6,0,Educación,Rechazado
37,55219.8,16198.7,685.0,0.283,0.5,0,Personal,Aprobado
22,24469.4,18289.4,492.0,0.211,5.8,0,Educación,Aprobado
26,43329.1,15946.8,718.0,0.339,0.6,1,Vivienda,Aprobado
25,37586.2,18557.8,662.0,0.28,9.7,1,Vehículo,Aprobado
58,43022.5,13770.5,850.0,0.389,11.3,0,Educación,Aprobado
56,24666.1,26632.4,551.0,0.584,0.9,0,Vivienda,Aprobado
55,,11348.2,641.0,0.647,8.8,1,Vehículo,Rechazado
43,8000.0,24057.9,812.0,0.051,0.3,0,Vivienda,Aprobado
56,20121.9,9845.1,757.0,0.25,18.8,0,Vivienda,Aprobado
28,30661.2,14518.0,587.0,0.117,,1,Vehículo,Aprobado
65,,6424.3,670.0,0.229,7.9,0,Vivienda,Rechazado
45,68995.7,18640.2,650.0,0.187,7.8,1,Educación,Aprobado
66,55695.9,26561.0,675.0,0.113,6.4,0,Vivienda,Aprobado
28,,14381.2,587.0,0.497,5.4,0,Educación,Rechazado
45,43563.3,13424.9,642.0,0.323,0.2,0,Vivienda,Aprobado
55,31486.7,6083.1,506.0,0.598,12.1,1,Personal,Rechazado
45,33450.2,13165.7,662.0,0.021,5.5,0,Vivienda,Rechazado
42,40965.2,2257.6,691.0,0.044,1.7,0,Vehículo,Rechazado
29,47906.7,7697.0,630.0,0.262,2.5,0,Vehículo,Aprobado
39,32571.9,16814.3,505.0,0.052,2.7,1,Vivienda,Rechazado
32,55021.6,25552.1,739.0,0.171,0.4,1,Vehículo,Aprobado
35,,37473.7,683.0,0.641,1.3,0,Personal,Aprobado
54,38101.4,10307.3,585.0,0.136,0.1,0,Personal,Aprobado
51,79562.8,26482.4,625.0,0.129,5.4,1,Vehículo,Rechazado
50,41569.3,16950.0,515.0,0.373,3.2,0,Vivienda,Aprobado
38,60931.4,13790.0,558.0,0.324,19.2,1,Educación,Rechazado
68,39464.3,18460.8,602.0,0.377,1.6,0,Educación,Aprobado
25,47292.4,15495.3,761.0,0.245,5.1,0,Vivienda,Aprobado
37,37091.5,15883.2,592.0,0.537,0.4,1,Personal,Rechazado
26,35273.5,11733.3,708.0,0.09,2.2,0,Vehículo,Aprobado
37,25528.3,3815.1,602.0,0.278,5.7,0,Educación,Aprobado
68,44884.8,2651.0,672.0,0.448,18.2,0,Vehículo,Aprobado
38,24375.4,20226.0,637.0,0.564,19.6,0,Vehículo,Aprobado
65,48649.4,12786.4,729.0,0.24,0.3,0,Vivienda,Aprobado
45,55364.6,10231.3,602.0,0.369,5.8,0,Personal,Aprobado
55,43864.5,15068.0,508.0,0.045,1.5,0,Vivienda,Aprobado
43,33420.0,21359.5,526.0,0.111,12.5,1,Personal,Rechazado
34,45263.4,16442.9,602.0,0.045,8.0,0,Personal,Aprobado
58,33061.2,9751.6,538.0,0.473,,2,Educación,Rechazado
68,52968.8,24810.3,687.0,0.187,3.0,0,Vivienda,Rechazado
33,8697.5,27633.5,608.0,0.47,0.0,0,Vivienda,Aprobado
59,32630.3,18956.5,850.0,0.043,3.1,0,Vehículo,Aprobado
33,8000.0,22789.3,494.0,0.561,4.7,0,Educación,Rechazado
56,14079.0,24935.7,668.0,0.543,3.9,0,Personal,Rechazado
59,,24040.8,548.0,0.058,7.8,0,Vehículo,Rechazado
43,52323.0,19912.8,606.0,0.015,0.9,0,Personal,Rechazado
57,26488.3,19786.8,663.0,0.037,10.6,0,Vivienda,Aprobado
34,13959.9,19157.3,441.0,0.555,2.8,0,Vehículo,Rechazado
24,8000.0,6221.3,671.0,0.153,3.0,0,Vivienda,Aprobado
25,29304.1,20605.8,821.0,0.356,2.1,2,Educación,Aprobado
42,,4153.5,609.0,0.277,9.1,0,Vivienda,Rechazado
65,44958.1,8643.2,673.0,0.517,3.1,0,Vivienda,Aprobado
27,29046.8,25428.5,742.0,0.318,2.2,0,Personal,Aprobado
43,45441.3,21721.8,635.0,0.325,6.0,1,Vehículo,Rechazado
55,13024.7,26899.2,598.0,0.643,6.1,0,Vivienda,Rechazado
30,33242.8,12826.6,445.0,0.098,2.4,0,Vivienda,Rechazado
56,39591.6,5782.0,708.0,0.54,11.5,0,Vehículo,Aprobado
35,36622.4,13076.5,640.0,0.034,,0,Vehículo,Rechazado
60,50652.9,15816.3,559.0,0.31,7.8,0,Vivienda,Rechazado
49,,15631.9,661.0,0.576,2.1,1,Educación,Rechazado
47,48693.2,24069.4,597.0,0.432,9.1,0,Vivienda,Rechazado
29,26986.0,12109.8,602.0,0.445,8.9,0,Educación,Rechazado
43,52365.0,17816.3,705.0,0.171,7.6,0,Vehículo,Aprobado
62,64063.0,7091.0,530.0,0.272,9.6,0,Vivienda,Rechazado
21,22477.6,18602.5,744.0,0.238,5.1,0,Vivienda,Aprobado
58,23796.9,15024.9,524.0,0.339,1.2,1,Vivienda,Rechazado
45,,9001.5,590.0,0.3,4.3,0,Vivienda,Aprobado
56,34938.5,13113.4,823.0,0.212,1.4,0,Vehículo,Aprobado
53,60461.1,13526.6,751.0,0.199,5.8,0,Personal,Aprobado
42,,12838.8,659.0,0.163,0.7,0,Personal,Aprobado
36,61280.7,29170.7,565.0,0.237,5.1,1,Vehículo,Rechazado
51,40103.8,14212.4,602.0,0.097,0.9,0,Educación,Aprobado
27,42131.7,13048.8,657.0,0.567,5.3,1,Educación,Aprobado
49,63035.5,1000.0,653.0,0.391,24.6,0,Personal,Rechazado
25,32211.7,7846.3,642.0,0.087,6.9,0,Vivienda,Aprobado
52,22942.0,12895.4,647.0,0.451,2.2,0,Vivienda,Rechazado
51,30823.0,9513.2,631.0,0.551,1.6,0,Vehículo,Rechazado
25,45237.3,26053.7,520.0,0.154,3.2,1,Vivienda,Rechazado
58,12947.9,13680.5,604.0,0.098,4.3,2,Vehículo,Aprobado
41,48199.5,25307.6,732.0,0.006,5.6,2,Personal,Aprobado
59,29379.7,15493.6,527.0,0.031,1.7,2,Personal,Rechazado
23,56365.0,15297.8,633.0,0.495,6.0,0,Vivienda,Aprobado
29,8000.0,14289.6,576.0,0.642,1.1,0,Vehículo,Rechazado
45,25414.9,15030.4,660.0,0.029,15.6,1,Vehículo,Aprobado
30,11016.5,28750.4,615.0,0.486,7.9,1,Vehículo,Rechazado
37,24780.3,1000.0,783.0,0.047,3.9,1,Educación,Aprobado
53,41962.7,1000.0,696.0,0.385,6.9,1,Vivienda,Rechazado
28,35132.4,10654.6,532.0,0.491,1.0,2,Personal,Rechazado
54,33946.0,15116.2,710.0,0.233,11.7,0,Personal,Aprobado
26,35453.0,20520.8,580.0,0.007,13.9,0,Educación,Aprobado
29,41254.2,18784.7,598.0,0.387,1.3,1,Educación,Aprobado
49,21863.4,11926.0,678.0,0.644,0.2,1,Vehículo,Rechazado
59,49309.6,23152.3,606.0,0.167,2.6,0,Vehículo,Aprobado
29,48602.7,23241.6,730.0,0.123,6.6,0,Vivienda,Aprobado
35,44160.6,16472.5,580.0,0.081,21.5,0,Educación,Aprobado
66,46904.5,22701.3,594.0,0.361,2.4,1,Vivienda,Rechazado
69,42742.7,17181.2,591.0,0.388,2.4,0,Personal,Aprobado
49,70561.2,10508.1,599.0,0.515,0.8,1,Vehículo,Aprobado
42,36606.5,20582.5,749.0,0.489,12.1,1,Vehículo,Aprobado
37,33086.7,15884.9,707.0,0.58,18.7,0,Vehículo,Aprobado
51,25943.6,15010.7,804.0,0.524,0.4,0,Personal,Aprobado
49,21483.8,26783.6,850.0,0.161,0.6,0,Vivienda,Aprobado
35,18088.5,1000.0,557.0,0.361,1.8,0,Vivienda,Rechazado
22,23779.2,3658.5,656.0,0.193,13.4,1,Vivienda,Aprobado
28,36869.1,5503.4,544.0,0.214,28.9,0,Educación,Aprobado
67,43348.7,12093.9,580.0,0.606,2.6,0,Personal,Rechazado
41,38818.3,12963.1,593.0,0.443,8.4,0,Vivienda,Rechazado
44,25751.4,2941.4,555.0,0.633,5.4,1,Personal,Rechazado
43,52403.0,7118.7,555.0,0.271,1.5,1,Vivienda,Rechazado
59,49830.6,8113.3,637.0,0.349,4.8,0,Educación,Aprobado
24,35445.6,34659.4,540.0,0.317,17.5,0,Vivienda,Rechazado
25,27553.3,29413.9,726.0,0.07,8.6,0,Vehículo,Rechazado
34,46774.8,11706.0,567.0,0.154,9.0,1,Educación,Aprobado
44,41007.6,12091.3,850.0,0.343,8.2,0,Vehículo,Aprobado
53,14830.0,5806.4,609.0,0.044,0.9,0,Vivienda,Aprobado
45,36912.3,1000.0,656.0,0.605,4.3,0,Personal,Aprobado
42,42192.6,14065.0,533.0,0.08,7.0,2,Personal,Rechazado
66,23604.9,7017.2,804.0,0.129,4.5,1,Vehículo,Aprobado
28,41037.5,14321.2,751.0,0.497,0.1,0,Educación,Aprobado
49,14722.8,2198.4,677.0,0.063,0.6,1,Personal,Aprobado
47,59379.0,8904.2,529.0,0.585,,2,Vivienda,Aprobado
44,57967.2,16189.0,669.0,0.472,8.5,2,Personal,Rechazado
60,33959.7,17929.7,549.0,0.045,8.1,0,Vivienda,Aprobado
34,43815.3,18339.8,782.0,0.45,13.0,2,Personal,Rechazado
67,8000.0,4436.1,723.0,0.411,7.3,0,Vivienda,Aprobado
37,19498.4,21837.5,659.0,0.492,22.7,1,Vivienda,Rechazado
47,33299.5,8598.3,431.0,0.538,14.1,0,Vehículo,Rechazado
46,20845.9,20062.9,561.0,0.467,1.9,0,Vehículo,Rechazado
62,49430.3,14914.9,712.0,0.381,2.5,0,Personal,Rechazado
42,69956.7,3988.9,759.0,0.21,4.5,0,Personal,Aprobado
34,19174.2,12470.4,750.0,0.453,1.9,0,Vivienda,Aprobado
22,24600.6,17922.9,507.0,0.622,11.7,0,Vivienda,Rechazado
38,41767.2,19903.7,677.0,0.382,1.2,1,Vehículo,Rechazado
61,63777.9,13872.1,741.0,0.432,5.3,0,Vehículo,Aprobado
21,18442.0,27254.2,501.0,0.284,8.2,0,Vehículo,Rechazado
64,,23060.1,649.0,0.491,5.4,0,Personal,Rechazado
47,67140.8,12946.8,675.0,0.648,1.8,0,Personal,Rechazado
27,11571.9,21001.0,623.0,0.104,4.1,0,Vivienda,Aprobado
35,17502.9,30470.3,483.0,0.132,0.9,0,Vehículo,Rechazado
48,31222.3,30683.9,621.0,0.351,4.4,0,Educación,Aprobado
36,29670.6,5176.0,621.0,0.313,4.9,0,Vehículo,Rechazado
26,51001.6,7587.7,637.0,0.372,4.2,0,Vivienda,Rechazado
53,41866.6,26879.4,599.0,0.032,4.7,2,Vehículo,Rechazado
53,9600.6,6533.8,610.0,0.263,1.7,0,Vehículo,Aprobado
26,46246.6,4419.7,646.0,0.379,20.3,0,Vivienda,Aprobado
34,28759.4,11110.4,690.0,0.38,7.8,0,Personal,Aprobado
32,58391.2,18361.8,623.0,0.427,5.8,0,Vehículo,Rechazado
53,27958.6,14180.8,613.0,0.468,6.5,0,Educación,Aprobado
56,27814.2,9795.5,658.0,0.417,2.9,0,Vehículo,Rechazado
56,46658.1,9606.3,477.0,0.514,15.5,0,Personal,Rechazado
66,50206.8,9301.3,693.0,0.406,0.9,1,Vivienda,Rechazado
58,45169.6,7963.9,650.0,0.349,0.3,1,Vivienda,Aprobado
36,11030.4,33253.1,654.0,0.394,6.7,0,Vehículo,Rechazado
26,46608.6,17380.1,736.0,0.066,5.2,0,Vehículo,Aprobado
51,21451.1,22094.1,474.0,0.178,2.4,1,Vivienda,Rechazado
65,41764.4,11087.4,472.0,0.343,23.8,0,Personal,Aprobado
68,15220.2,13512.3,675.0,0.567,7.5,0,Vivienda,Aprobado
32,45141.2,9291.6,649.0,0.441,4.3,1,Vivienda,Rechazado
32,25094.4,1000.0,665.0,0.059,9.4,0,Vehículo,Aprobado
22,17477.8,3975.9,608.0,0.385,1.1,0,Personal,Aprobado
27,49421.1,1000.0,710.0,0.144,2.5,0,Personal,Aprobado
48,,1000.0,734.0,0.477,1.3,0,Educación,Aprobado
47,28176.4,5437.1,694.0,0.538,1.4,0,Educación,Aprobado
39,61218.9,25599.6,627.0,0.386,9.1,0,Educación,Aprobado
36,30949.6,14644.5,460.0,0.384,3.8,1,Educación,Rechazado
61,38513.7,25324.5,719.0,0.22,4.9,1,Vivienda,Rechazado
43,42302.6,18287.9,760.0,0.29,2.2,1,Educación,Rechazado
60,28085.3,21260.5,708.0,0.562,0.8,0,Personal,Aprobado
68,45538.2,7792.8,571.0,0.47,1.8,0,Vehículo,Aprobado
36,29464.8,19191.6,711.0,0.338,1.9,1,Educación,Aprobado
30,31413.8,20829.7,727.0,0.239,5.7,1,Vehículo,Aprobado
67,59802.3,10386.8,790.0,0.033,7.8,0,Vehículo,Aprobado
52,21350.6,19476.3,571.0,0.093,25.1,0,Vivienda,Aprobado
35,8000.0,19529.5,630.0,0.125,13.4,0,Educación,Aprobado
51,63775.0,10603.6,717.0,0.243,27.4,0,Personal,Aprobado
46,78789.2,6017.9,655.0,0.614,9.3,0,Vivienda,Aprobado
65,31515.7,5527.0,549.0,0.328,0.1,0,Vehículo,Rechazado
33,8000.0,15692.0,687.0,0.153,0.7,0,Vivienda,Aprobado
69,33032.3,17616.1,702.0,0.069,5.4,0,Vivienda,Aprobado
66,33420.4,8659.8,658.0,0.22,4.2,1,Personal,Aprobado
29,34961.2,15212.7,670.0,0.53,1.5,1,Vehículo,Rechazado
29,20185.8,19564.3,627.0,0.249,1.6,0,Vehículo,Aprobado
47,47273.0,19945.5,783.0,0.502,8.1,0,Vivienda,Aprobado
23,46392.1,27415.0,569.0,0.522,2.7,1,Personal,Rechazado
35,14089.5,25215.8,597.0,0.072,8.3,1,Vivienda,Aprobado
42,49187.1,6989.7,651.0,0.396,7.5,0,Educación,Rechazado
68,70843.0,28468.7,729.0,0.623,3.1,0,Vivienda,Aprobado
69,40751.4,10752.2,515.0,0.261,4.7,0,Vivienda,Rechazado
28,,23359.0,532.0,0.033,2.3,0,Educación,Aprobado
64,35727.9,15543.9,467.0,0.6,5.7,0,Vivienda,Rechazado
25,47844.1,11702.8,653.0,0.574,15.7,0,Educación,Aprobado
57,10309.3,1000.0,549.0,0.339,9.0,0,Vivienda,Aprobado
62,40630.3,13627.5,615.0,0.359,6.0,0,Educación,Aprobado
64,31752.6,2524.9,710.0,0.138,8.3,1,Personal,Aprobado
31,67565.2,22738.4,592.0,0.533,3.3,0,Educación,Rechazado
64,35213.2,27134.3,671.0,0.324,3.2,1,Vivienda,Aprobado
26,64686.2,8624.7,623.0,0.022,0.9,0,Educación,Aprobado
46,20340.1,17415.8,710.0,0.444,2.9,1,Personal,Rechazado
44,47396.1,9196.9,693.0,0.618,4.7,1,Vivienda,Rechazado
36,43110.4,9972.1,588.0,0.539,2.6,1,Vivienda,Aprobado
22,24095.2,21196.0,635.0,0.18,0.4,3,Personal,Rechazado
58,,14691.7,744.0,0.035,0.3,0,Vivienda,Aprobado
37,57400.3,28917.2,685.0,0.611,2.1,0,Educación,Rechazado
53,32819.3,11142.1,524.0,0.609,1.4,0,Personal,Rechazado
41,10928.6,22994.7,709.0,0.346,3.7,0,Vivienda,Rechazado
39,37719.0,15779.3,552.0,0.418,5.5,1,Educación,Aprobado
64,23561.2,21366.2,777.0,0.301,5.3,0,Educación,Aprobado
25,32522.5,11422.7,742.0,0.273,1.3,0,Vehículo,Aprobado
57,36694.6,14603.5,676.0,0.078,9.0,0,Personal,Aprobado
57,10709.6,14076.0,664.0,0.063,14.3,0,Vivienda,Aprobado
39,12149.5,8311.5,631.0,0.151,5.7,0,Vehículo,Aprobado
33,45713.1,20296.7,711.0,0.544,4.8,1,Personal,Aprobado
21,29636.5,20202.0,617.0,0.095,1.3,0,Vivienda,Aprobado
66,8000.0,19748.4,671.0,0.147,0.2,0,Personal,Aprobado
67,50557.5,27295.7,728.0,0.357,8.1,0,Vivienda,Aprobado
32,42357.9,26594.8,599.0,0.14,15.5,2,Vehículo,Rechazado
22,26578.0,12000.4,595.0,0.106,18.1,1,Vivienda,Aprobado
27,16930.7,17984.4,543.0,0.366,,0,Educación,Rechazado
24,51372.9,10011.2,554.0,0.239,6.7,1,Personal,Rechazado
61,43589.6,15186.8,485.0,0.407,3.8,0,Personal,Aprobado
64,76121.6,10202.0,716.0,0.593,0.1,0,Personal,Rechazado
28,44723.0,27960.6,813.0,0.098,3.0,0,Educación,Aprobado
57,44203.3,17909.6,778.0,0.594,1.7,0,Personal,Rechazado
29,35329.2,13255.8,504.0,0.587,4.5,0,Vehículo,Aprobado
38,51068.4,24548.9,715.0,0.539,6.7,0,Personal,Aprobado
50,48001.4,1000.0,778.0,0.41,4.4,0,Educación,Rechazado
56,58027.6,1000.0,609.0,0.403,5.7,1,Personal,Rechazado
63,29658.8,21366.7,659.0,0.415,5.4,1,Vivienda,Rechazado
23,31033.5,15483.7,469.0,0.449,0.0,0,Vehículo,Rechazado
30,30334.3,17003.6,674.0,0.011,20.3,0,Educación,Aprobado
34,50652.8,4388.8,554.0,0.623,9.4,1,Vivienda,Rechazado
36,61974.0,14814.1,668.0,0.381,0.2,1,Vivienda,Rechazado
69,,31028.1,509.0,0.508,1.5,0,Personal,Rechazado
59,,21593.6,699.0,0.245,1.6,0,Vehículo,Aprobado
36,43025.2,16357.7,742.0,0.008,0.7,0,Vivienda,Aprobado
68,34067.8,11487.6,580.0,0.331,0.5,0,Vehículo,Rechazado
45,53232.9,11843.4,548.0,0.33,4.2,0,Vehículo,Rechazado
45,8000.0,1000.0,456.0,0.284,0.7,0,Educación,Rechazado
42,24772.7,17061.1,626.0,0.221,8.4,0,Personal,Aprobado
28,25481.3,21763.9,598.0,0.162,4.2,0,Personal,Aprobado
66,8000.0,2395.0,510.0,0.343,1.5,0,Educación,Rechazado
21,22581.8,9708.7,691.0,0.244,7.8,0,Educación,Aprobado
29,23357.5,5740.3,610.0,0.63,6.8,0,Vehículo,Aprobado
32,34782.3,7277.2,553.0,0.112,17.2,0,Personal,Aprobado
34,55807.5,15427.9,600.0,0.208,1.0,0,Vivienda,Rechazado
27,34079.0,1000.0,746.0,0.191,0.9,0,Vivienda,Aprobado
21,21507.0,19914.2,704.0,0.353,1.0,1,Personal,Aprobado
54,37088.7,21030.8,638.0,0.325,2.7,0,Personal,Aprobado
68,54786.8,12991.2,706.0,0.418,11.0,1,Vehículo,Aprobado
26,22384.7,1000.0,546.0,0.618,19.1,0,Educación,Rechazado
35,23430.8,7028.7,653.0,0.185,5.4,2,Vehículo,Rechazado
45,46936.8,24863.2,663.0,0.45,10.0,0,Vehículo,Aprobado
66,34455.4,1000.0,608.0,0.016,25.0,0,Vivienda,Aprobado
55,48359.8,12219.8,689.0,0.171,0.2,2,Vivienda,Aprobado
58,37781.7,5560.0,580.0,0.301,14.4,0,Vehículo,Aprobado
49,49226.6,21436.6,696.0,0.02,2.3,0,Vehículo,Aprobado
41,21438.8,9599.1,700.0,0.401,0.1,0,Vehículo,Aprobado
30,37806.6,18231.6,387.0,0.441,3.0,1,Vivienda,Rechazado
63,34629.0,19523.7,757.0,0.485,17.2,0,Personal,Aprobado
60,18545.7,29689.8,376.0,0.336,3.1,0,Educación,Rechazado
22,12984.4,13376.5,595.0,0.393,4.3,0,Personal,Aprobado
56,48972.0,18008.4,742.0,0.257,1.6,0,Vivienda,Aprobado
25,32384.8,3119.6,621.0,0.027,0.0,0,Educación,Aprobado
57,21643.5,24523.3,518.0,0.065,14.3,0,Personal,Aprobado
61,36461.1,8915.9,552.0,0.426,5.1,1,Vehículo,Aprobado
27,56048.3,10514.0,742.0,0.647,0.4,0,Vivienda,Aprobado
42,8000.0,14822.0,477.0,0.01,6.0,0,Vivienda,Aprobado
27,14053.8,2496.9,752.0,0.362,1.6,0,Vivienda,Aprobado
48,,16830.2,645.0,0.488,0.3,0,Vehículo,Rechazado
66,61378.9,22739.7,543.0,0.537,2.8,0,Vehículo,Rechazado
24,42521.4,17343.5,598.0,0.354,10.6,0,Vivienda,Aprobado
40,50277.1,2288.8,558.0,0.403,12.5,0,Educación,Rechazado
68,19757.4,14009.5,728.0,0.453,7.4,0,Vivienda,Aprobado
35,20087.4,20936.2,716.0,0.558,6.3,0,Vehículo,Aprobado
27,45165.0,1000.0,495.0,0.079,1.5,0,Educación,Aprobado
44,38932.4,6401.9,614.0,0.602,0.9,0,Vivienda,Rechazado
45,46779.8,22012.3,572.0,0.017,10.1,0,Vivienda,Aprobado
53,34997.3,17160.8,766.0,0.544,2.7,0,Vivienda,Aprobado
36,42450.3,18295.8,528.0,0.05,15.8,0,Vivienda,Aprobado
67,40529.9,29876.0,794.0,0.127,4.8,0,Vehículo,Aprobado
46,50444.3,18748.4,647.0,0.003,7.7,0,Vivienda,Aprobado
35,50912.1,20263.1,545.0,0.289,6.2,3,Vivienda,Rechazado
68,12082.0,36686.0,589.0,0.217,,0,Personal,Rechazado
66,8000.0,13289.6,578.0,0.108,0.1,0,Personal,Aprobado
45,54027.9,8616.9,535.0,0.293,0.9,0,Vivienda,Aprobado
22,57003.6,18422.4,659.0,0.262,1.4,0,Vehículo,Aprobado
50,21670.0,18511.9,539.0,0.499,0.4,0,Vehículo,Rechazado
48,8242.6,10786.3,454.0,0.581,0.8,0,Personal,Rechazado
28,39584.6,6740.8,616.0,0.424,4.9,0,Personal,Aprobado
52,52893.4,33478.8,488.0,0.081,5.4,0,Vivienda,Aprobado
62,66761.5,17614.7,582.0,0.192,7.4,1,Vivienda,Rechazado
26,46260.8,9141.7,568.0,0.594,1.2,1,Vehículo,Rechazado
56,32052.5,22327.4,572.0,0.058,9.4,0,Personal,Rechazado
27,23709.9,14126.8,830.0,0.264,1.4,0,Personal,Aprobado
57,38183.2,12976.9,655.0,0.613,0.1,0,Vivienda,Rechazado
41,33211.8,19498.2,672.0,0.618,3.0,0,Educación,Aprobado
21,21758.9,4664.9,490.0,0.267,,0,Vivienda,Aprobado
68,70780.1,17821.0,591.0,0.434,5.4,0,Educación,Rechazado
29,66562.7,30303.6,669.0,0.297,15.3,0,Personal,Aprobado
50,56176.8,18729.4,558.0,0.49,3.4,0,Vehículo,Aprobado
29,23266.4,11990.3,732.0,0.021,14.9,1,Vivienda,Aprobado
66,51680.3,10943.2,542.0,0.094,2.8,0,Educación,Aprobado
57,48234.0,11717.3,624.0,0.399,0.2,0,Vehículo,Aprobado
60,45080.7,12968.3,597.0,0.151,14.4,0,Personal,Aprobado
42,57994.6,11977.5,665.0,0.433,3.8,0,Vehículo,Rechazado
43,48165.9,22330.5,592.0,0.228,11.6,0,Personal,Rechazado
52,49840.2,1134.3,626.0,0.576,1.4,1,Vivienda,Rechazado
59,48190.5,21896.0,629.0,0.533,4.7,0,Vivienda,Rechazado
62,43452.7,11962.5,584.0,0.32,0.5,0,Vehículo,Rechazado
21,9462.2,18015.6,694.0,0.502,5.6,3,Vivienda,Rechazado
53,39337.9,5984.1,671.0,0.176,3.0,0,Vivienda,Rechazado
26,29100.9,25629.0,642.0,0.321,9.9,0,Educación,Aprobado
35,17522.5,24965.1,611.0,0.128,5.6,1,Vivienda,Rechazado
61,64909.1,22676.7,722.0,0.56,5.9,0,Vivienda,Aprobado
33,65663.9,2882.0,629.0,0.535,2.7,0,Vivienda,Rechazado
60,59747.5,21633.0,622.0,0.586,6.3,0,Vivienda,Aprobado
43,42083.4,18238.8,659.0,0.57,8.2,0,Personal,Rechazado
32,59610.0,2157.8,803.0,0.624,4.5,0,Personal,Rechazado
37,38192.9,14805.6,529.0,0.148,10.6,0,Vivienda,Aprobado
47,41244.8,17916.3,719.0,0.606,1.6,1,Personal,Rechazado
58,20504.5,19448.6,480.0,0.371,4.1,1,Educación,Rechazado
50,44351.9,16418.1,670.0,0.275,5.8,1,Personal,Aprobado
66,38966.2,17329.9,792.0,0.364,2.6,1,Vehículo,Aprobado
63,17157.6,26788.9,694.0,0.223,1.3,0,Vivienda,Rechazado
57,37180.8,24808.3,665.0,0.188,0.6,0,Vehículo,Aprobado
50,36724.3,1000.0,600.0,0.157,5.2,0,Personal,Aprobado
35,66761.0,12460.5,653.0,0.054,1.6,0,Educación,Aprobado
41,52307.4,13682.8,627.0,0.323,0.4,2,Vehículo,Rechazado
26,38183.1,1000.0,579.0,0.577,5.0,0,Vivienda,Rechazado
39,41980.6,15753.5,624.0,0.41,0.7,0,Educación,Rechazado
66,38707.4,24990.1,668.0,0.339,12.5,2,Personal,Rechazado
41,34753.4,6307.5,581.0,0.279,0.5,1,Vehículo,Rechazado
26,20681.2,17691.2,577.0,0.302,8.2,2,Educación,Rechazado
52,35583.2,7673.4,528.0,0.136,6.0,0,Vehículo,Rechazado
68,26062.4,9624.7,685.0,0.535,0.3,0,Vehículo,Aprobado
63,17995.0,26819.1,699.0,0.129,2.6,0,Vehículo,Aprobado
34,46179.5,10659.5,671.0,0.466,10.2,1,Personal,Aprobado
43,44260.2,18697.7,737.0,0.494,1.0,1,Personal,Aprobado
47,9412.7,1000.0,658.0,0.374,3.7,0,Vehículo,Aprobado
33,36037.0,29898.5,685.0,0.561,10.3,0,Vehículo,Rechazado
34,53931.2,19821.2,677.0,0.189,1.1,0,Vehículo,Aprobado
32,54947.6,13540.0,642.0,0.573,1.7,0,Vivienda,Aprobado
69,54413.4,19604.4,602.0,0.474,0.6,0,Vivienda,Rechazado
57,38622.6,3721.4,849.0,0.519,14.2,0,Vivienda,Rechazado
62,24479.3,24460.2,609.0,0.432,0.5,0,Vehículo,Aprobado
61,20660.8,12408.1,590.0,0.55,17.7,0,Vivienda,Aprobado
67,43513.7,13367.4,689.0,0.646,2.9,0,Vehículo,Aprobado
26,44068.5,11066.8,673.0,0.273,9.1,0,Personal,Aprobado
64,58597.3,10354.8,524.0,0.529,7.9,0,Vivienda,Rechazado
24,55599.7,20557.4,751.0,0.484,5.6,0,Educación,Aprobado
44,35884.3,17047.3,642.0,0.294,3.3,0,Personal,Rechazado
50,18092.7,20214.0,550.0,0.603,5.3,1,Educación,Rechazado
38,32894.3,14929.6,757.0,0.256,2.2,0,Vivienda,Aprobado
28,41475.7,19105.6,706.0,0.368,6.3,1,Vehículo,Aprobado
30,34766.7,11649.2,536.0,0.069,0.0,0,Educación,Rechazado
61,28753.7,32837.9,810.0,0.147,0.4,0,Vehículo,Aprobado
36,42046.2,2456.6,709.0,0.546,0.6,0,Vivienda,Aprobado
36,29936.7,25087.5,649.0,0.258,1.0,0,Vehículo,Aprobado
66,27950.9,25943.3,793.0,0.256,1.6,1,Vehículo,Aprobado
28,42983.2,8182.7,664.0,0.16,10.3,0,Vivienda,Rechazado
65,31568.1,32834.2,647.0,0.32,21.4,0,Educación,Aprobado
66,41905.7,22963.9,591.0,0.524,1.2,0,Vivienda,Aprobado
50,42371.3,22769.1,702.0,0.582,0.4,0,Vehículo,Aprobado
29,19769.1,15224.2,693.0,0.046,1.3,0,Personal,Aprobado
28,30300.1,13262.2,651.0,0.374,6.8,1,Vivienda,Rechazado
34,61004.4,13324.7,579.0,0.304,10.2,0,Educación,Aprobado
49,19406.7,18124.2,662.0,0.399,3.0,0,Vehículo,Aprobado
28,8000.0,26209.5,644.0,0.291,2.8,0,Vehículo,Rechazado
43,8210.5,16450.5,530.0,0.259,5.2,0,Personal,Rechazado
26,38465.8,7708.5,518.0,0.307,7.2,1,Vehículo,Rechazado
47,38494.7,21595.4,701.0,0.378,4.6,1,Vivienda,Aprobado
22,36118.2,22369.2,416.0,0.326,0.2,1,Personal,Rechazado
55,57427.0,20237.3,668.0,0.307,22.5,0,Educación,Aprobado
23,8000.0,20964.0,607.0,0.532,2.9,1,Educación,Rechazado
30,44334.9,12832.6,768.0,0.485,3.5,0,Vivienda,Aprobado
29,62983.0,7568.1,606.0,0.222,0.5,1,Vivienda,Rechazado
61,19955.5,8054.5,709.0,0.52,0.3,0,Educación,Aprobado
23,31923.1,1916.3,614.0,0.555,0.4,1,Vivienda,Rechazado
42,25953.7,16895.6,660.0,0.1,4.3,0,Vivienda,Aprobado
49,23690.5,14332.4,716.0,0.379,,3,Personal,Rechazado
46,32779.8,11480.1,608.0,0.185,18.1,1,Vivienda,Aprobado
54,60839.8,1000.0,740.0,0.48,3.7,0,Vivienda,Aprobado
60,67398.2,5021.5,561.0,0.155,3.6,0,Vivienda,Aprobado
40,32625.0,23966.7,677.0,0.436,10.7,2,Vehículo,Rechazado
61,68481.0,9683.0,733.0,0.166,,0,Educación,Aprobado
36,38569.2,17884.7,709.0,0.332,1.2,0,Personal,Aprobado
69,66059.1,3874.5,822.0,0.617,,0,Vivienda,Aprobado
45,36507.2,26509.6,581.0,0.248,0.2,0,Vivienda,Rechazado
57,40096.9,13847.8,526.0,0.569,0.7,0,Vehículo,Rechazado
63,43847.6,17320.3,561.0,0.642,5.1,0,Vehículo,Rechazado
59,88861.7,33606.2,709.0,0.569,0.1,1,Vehículo,Rechazado
62,51620.6,27131.5,695.0,0.108,4.5,1,Personal,Rechazado
47,26683.8,12547.5,659.0,0.533,11.5,0,Vehículo,Rechazado
23,53504.0,10254.2,549.0,0.021,25.6,0,Vehículo,Aprobado
45,32210.7,12395.6,719.0,0.256,8.7,0,Personal,Aprobado
29,30164.0,19079.2,540.0,0.566,1.3,0,Vivienda,Rechazado
64,52537.6,14158.2,754.0,0.448,2.4,0,Personal,Rechazado
32,38497.4,11838.0,850.0,0.346,1.8,0,Vehículo,Aprobado
32,42457.2,26737.5,683.0,0.252,2.0,1,Vehículo,Aprobado
33,38223.8,14086.3,702.0,0.528,6.5,0,Personal,Aprobado
52,43385.3,33396.7,606.0,0.461,10.9,0,Vehículo,Rechazado
48,44799.5,15725.9,487.0,0.304,,0,Vehículo,Rechazado
67,8000.0,29282.5,596.0,0.58,0.1,0,Vivienda,Rechazado
41,48665.2,17858.6,552.0,0.149,1.9,0,Educación,Aprobado
34,22287.7,22703.7,520.0,0.111,4.3,0,Educación,Rechazado
23,14923.2,9203.1,805.0,0.418,1.4,0,Vivienda,Aprobado
21,37065.4,8169.9,675.0,0.632,2.5,1,Educación,Aprobado
39,39343.7,18677.6,684.0,0.161,,0,Educación,Aprobado
66,26903.9,22908.4,622.0,0.162,1.6,0,Vehículo,Rechazado
46,51296.5,15322.1,634.0,0.091,3.7,0,Vivienda,Aprobado
64,16525.2,4708.9,737.0,0.559,4.1,0,Vehículo,Aprobado
25,31488.9,4117.9,647.0,0.147,10.7,1,Vivienda,Aprobado
25,28642.0,3582.9,698.0,0.327,2.9,0,Vivienda,Aprobado
61,37254.6,1000.0,632.0,0.644,4.8,0,Vehículo,Aprobado
26,42461.8,15875.9,619.0,0.008,2.4,0,Vivienda,Aprobado
23,21873.7,24000.4,523.0,0.362,2.6,0,Vivienda,Rechazado
40,49588.5,14892.7,472.0,0.333,27.0,0,Educación,Rechazado
66,39008.0,1000.0,626.0,0.525,3.9,0,Vehículo,Aprobado
54,8000.0,13473.9,655.0,0.231,22.0,3,Personal,Rechazado
25,8000.0,13697.6,534.0,0.267,,1,Personal,Rechazado
62,37802.9,31768.0,647.0,0.109,0.3,0,Educación,Aprobado
62,34464.5,3342.9,655.0,0.482,0.6,1,Personal,Aprobado
60,36345.3,11874.6,456.0,0.51,0.2,1,Personal,Rechazado
65,37552.3,28646.8,568.0,0.089,6.0,0,Vehículo,Aprobado
32,41609.0,18599.8,687.0,0.256,4.7,1,Educación,Aprobado
68,53162.4,19506.5,685.0,0.58,1.4,2,Vivienda,Rechazado
36,20222.3,15916.7,546.0,0.002,7.3,0,Educación,Rechazado
60,19248.5,17639.5,664.0,0.194,9.6,0,Vehículo,Aprobado
49,20506.8,21220.9,742.0,0.361,4.7,0,Vivienda,Aprobado
59,,8524.1,720.0,0.217,3.2,0,Vivienda,Rechazado
51,,22024.5,641.0,0.177,2.4,1,Personal,Aprobado
52,31098.6,4016.0,608.0,0.299,1.4,1,Vehículo,Rechazado
