variable_1,variable_2,variable_3,categoría,objetivo
53.66,98.81,0.25,C,0
37.52,85.41,2.49,A,0
59.01,91.71,4.58,A,0
61.29,112.68,3.55,B,1
26.59,100.06,4.23,B,1
34.37,106.8,14.21,C,0
51.53,113.4,0.28,C,1
46.21,92.5,17.5,C,0
49.8,115.12,2.7,C,0
39.76,107.58,2.66,C,0
60.55,75.3,9.05,B,1
59.33,128.85,15.7,A,1
50.79,89.99,6.54,A,0
63.53,66.9,2.21,A,0
,79.1,0.87,A,0
39.69,79.58,4.32,A,0
54.43,101.04,0.62,C,0
,94.52,15.24,A,0
60.54,93.26,2.78,C,0
49.4,112.39,10.34,C,0
47.78,106.8,13.09,B,1
41.83,106.32,6.87,B,1
,108.2,10.59,A,1
48.15,112.32,6.68,B,1
44.86,57.84,3.4,A,0
45.77,92.71,10.08,C,0
56.39,56.4,9.34,A,0
54.39,100.72,1.22,A,0
54.95,99.91,11.35,B,1
55.17,120.91,3.6,B,1
75.7,123.75,21.46,B,1
45.12,104.06,14.79,B,1
43.85,89.99,5.78,A,0
40.23,109.7,7.49,B,1
57.39,89.44,1.13,A,1
63.55,99.97,5.39,A,1
48.63,119.72,4.68,A,0
39.92,88.84,3.68,A,0
40.11,116.11,,A,0
57.81,113.55,,B,1
58.92,80.9,,A,0
56.52,119.48,0.72,A,1
42.01,113.97,4.8,B,1
52.79,102.04,3.21,A,1
51.4,84.75,8.3,B,1
52.62,82.82,2.25,C,0
60.46,89.25,15.5,B,1
52.68,110.85,13.14,C,0
58.15,80.89,1.66,A,0
50.81,108.75,1.08,A,1
53.47,75.16,9.06,B,1
57.58,95.92,0.27,C,1
32.51,102.19,2.45,C,0
46.16,148.9,16.07,A,1
44.36,72.45,,C,0
42.33,129.44,6.89,A,1
46.7,103.0,4.99,A,0
67.94,108.22,26.6,A,1
39.61,102.37,3.65,C,0
61.62,108.89,13.57,A,1
29.81,96.93,18.87,C,0
45.98,129.08,1.31,B,1
51.95,90.87,5.2,B,1
57.03,122.64,5.96,B,1
58.53,87.11,5.14,C,0
59.52,98.79,13.97,A,1
45.82,78.56,0.41,A,0
44.45,109.1,2.16,B,1
60.3,128.9,1.69,A,1
47.7,98.45,0.7,A,0
34.69,96.06,2.07,A,0
36.4,77.71,3.04,A,0
38.97,95.41,3.14,A,0
55.97,68.14,0.25,A,0
51.71,81.74,5.82,C,0
58.29,104.54,1.38,A,1
44.87,126.38,4.23,C,0
,156.18,5.22,C,1
57.51,88.27,7.23,A,0
46.29,128.71,3.81,B,1
55.48,104.88,0.69,B,1
42.06,96.98,0.09,B,1
45.64,108.65,3.99,A,1
45.42,101.24,12.69,A,0
35.65,102.21,28.0,A,0
55.84,91.83,10.5,B,1
44.37,72.04,3.54,C,0
50.15,69.13,21.4,B,0
55.77,113.06,19.18,B,1
55.36,94.47,11.62,C,0
57.98,88.08,19.74,B,1
48.82,100.17,10.99,A,0
44.92,115.9,5.96,C,0
49.04,103.61,12.39,A,0
29.75,86.88,7.96,A,0
32.63,124.53,18.35,B,1
34.13,131.58,1.97,C,0
38.03,109.89,1.2,A,1
54.8,119.47,4.87,B,1
39.13,124.84,0.97,A,1
45.46,122.6,4.99,A,0
65.59,112.28,9.08,A,1
45.72,111.97,15.25,B,1
58.85,110.39,28.0,C,0
38.8,78.05,3.03,A,0
47.53,114.01,3.86,A,1
38.6,72.88,3.5,A,0
45.93,84.11,0.37,A,0
60.08,126.07,1.39,B,1
29.27,116.8,0.85,B,1
55.21,129.75,6.59,B,1
52.85,94.57,4.48,A,0
42.87,76.96,22.47,B,0
32.65,95.19,0.23,A,0
,102.04,2.55,A,1
43.65,101.58,4.04,C,0
52.79,122.67,7.28,C,1
50.26,92.77,2.1,C,0
69.22,107.04,3.0,C,1
47.13,80.23,,B,0
37.72,109.01,9.21,C,0
52.15,100.06,2.11,B,1
52.64,85.0,9.94,A,0
66.31,95.28,9.99,A,1
60.02,96.32,6.08,A,1
54.28,94.6,2.92,A,1
67.56,135.43,0.94,A,1
35.73,98.03,4.53,B,1
42.32,95.12,8.98,C,0
38.88,58.05,76.14,B,0
45.32,82.12,2.98,A,0
33.48,94.74,1.15,B,1
57.62,86.28,0.73,A,0
47.33,127.63,17.74,A,1
32.35,96.7,5.49,A,0
37.81,125.77,2.82,A,1
53.76,101.23,4.69,A,1
60.06,100.74,3.25,C,1
73.96,98.22,4.43,C,1
84.97,100.08,7.8,B,1
54.97,134.38,2.04,A,1
38.13,53.61,10.79,C,0
24.42,59.97,12.63,B,0
53.21,89.14,1.16,A,1
40.24,100.29,1.26,B,1
45.02,113.8,4.53,B,1
42.65,109.46,10.88,B,0
48.31,92.32,3.59,A,1
62.79,120.38,41.1,B,1
51.88,120.6,13.16,A,1
48.1,103.68,0.43,A,1
37.57,119.25,7.01,A,1
29.9,105.45,10.6,C,0
44.16,88.77,1.09,A,0
49.35,113.96,15.11,A,1
71.22,102.21,1.97,A,1
51.56,100.03,1.87,C,0
61.79,129.46,7.53,B,1
44.01,50.98,0.53,C,0
35.78,71.65,8.35,A,0
38.42,76.26,2.24,A,0
41.3,92.73,1.91,B,1
75.54,94.91,9.64,A,1
40.14,69.85,5.47,C,0
60.06,80.3,10.14,C,0
39.16,82.78,6.27,B,0
61.18,149.15,17.14,C,1
54.62,136.03,12.74,B,1
48.12,91.77,3.93,A,0
49.51,92.73,8.37,B,1
42.14,77.02,0.98,A,0
55.35,61.84,,C,0
44.54,97.66,0.93,A,1
35.29,80.04,0.15,A,0
34.66,98.3,4.12,B,0
52.07,68.0,,A,0
68.95,84.76,9.09,A,0
51.92,102.97,0.68,B,1
48.58,107.32,18.33,A,0
53.43,108.35,14.67,B,1
65.67,73.59,22.18,A,0
52.63,117.09,0.8,A,1
45.07,84.0,3.43,A,0
63.28,112.66,1.5,C,1
55.15,99.79,1.96,C,0
68.43,72.47,4.66,A,0
52.2,93.68,2.45,C,0
35.31,107.31,2.0,B,1
33.58,112.26,3.56,B,1
69.81,97.18,6.11,B,1
70.68,130.64,1.48,B,1
47.85,120.15,3.24,C,1
45.4,94.87,5.03,B,1
67.54,115.0,16.53,B,1
36.72,138.68,6.14,A,1
39.26,139.21,22.13,A,1
57.72,75.44,23.92,B,1
45.26,81.47,1.73,A,0
49.94,129.7,0.78,A,1
48.04,78.83,23.58,A,0
54.05,73.55,19.39,A,0
66.89,90.28,33.19,B,1
51.09,108.4,11.42,B,1
57.73,97.95,0.85,B,1
25.4,86.99,7.57,A,0
49.42,86.52,6.02,B,1
39.88,85.75,13.99,A,0
35.37,82.41,,B,1
39.46,145.63,1.52,B,1
45.99,105.95,6.8,B,1
60.99,117.74,1.05,B,1
34.08,90.22,1.14,C,0
50.37,96.28,18.52,C,0
44.19,85.73,21.87,B,0
46.07,46.97,,B,0
62.03,72.44,10.47,A,0
56.46,63.79,3.15,C,0
66.05,55.0,3.23,A,0
48.15,76.09,14.98,A,0
41.65,126.5,28.01,C,0
47.31,99.11,0.04,B,1
52.91,125.81,38.7,A,1
52.12,108.22,1.7,A,1
36.99,115.65,14.12,A,0
51.09,81.98,1.93,B,0
52.74,110.48,,A,1
80.21,114.57,8.25,C,1
72.52,88.47,2.23,C,0
39.76,111.19,19.46,B,1
,111.32,1.23,B,1
32.44,89.01,0.56,A,0
42.91,77.54,,A,0
53.79,76.32,13.2,B,0
64.47,101.73,3.77,A,1
41.25,106.54,5.12,A,0
42.15,84.15,8.72,A,0
24.23,100.53,12.88,A,0
48.05,111.41,3.8,B,1
37.25,112.36,8.17,B,1
43.65,131.04,2.53,C,1
39.48,125.54,0.27,B,1
48.87,79.97,14.49,C,0
28.91,133.67,0.88,B,1
32.4,89.38,0.17,C,0
75.55,120.9,17.49,B,1
34.55,101.36,18.45,A,0
36.84,91.76,4.77,C,0
72.04,63.85,6.49,A,0
84.86,96.57,3.57,A,1
35.94,68.81,4.25,A,0
45.58,119.35,2.22,A,1
54.1,130.34,1.96,A,1
70.74,84.06,3.31,B,1
38.16,106.04,14.34,C,0
47.06,85.49,25.64,A,0
59.33,87.43,12.9,B,1
55.22,115.49,9.83,A,1
45.49,99.23,5.22,C,0
48.39,134.79,2.71,A,1
33.5,90.36,8.03,A,0
47.14,119.99,0.54,B,1
46.8,101.95,30.89,B,0
52.79,115.92,9.87,C,0
43.34,91.06,16.84,B,0
55.66,99.01,0.1,C,0
62.15,97.69,0.84,A,1
51.87,83.28,11.39,A,0
54.22,113.24,0.22,A,1
50.64,113.0,6.14,A,1
50.0,111.87,2.04,A,1
41.34,130.74,3.0,B,1
53.8,128.99,9.98,A,1
48.83,92.5,2.18,B,0
75.12,107.46,3.02,B,1
68.88,87.53,7.7,B,1
54.63,100.47,1.4,B,1
40.84,88.01,9.76,A,0
36.65,132.4,15.08,A,1
64.29,107.27,19.14,B,1
53.15,95.64,6.02,B,1
55.76,123.87,2.01,A,1
29.06,56.59,1.46,A,0
,59.72,1.44,B,1
55.45,115.92,0.27,B,1
36.67,101.21,10.79,A,0
44.34,105.01,5.35,B,1
53.16,73.47,17.51,C,0
50.63,99.54,1.02,A,1
46.49,140.07,24.36,C,1
48.76,116.48,4.6,A,1
46.98,103.39,0.94,B,1
51.83,91.22,0.15,B,1
67.66,92.11,,A,1
,57.42,15.18,C,0
47.16,105.15,1.76,B,1
52.12,116.91,9.82,C,1
53.55,68.49,0.65,A,0
45.54,86.77,4.66,C,0
28.92,76.85,7.85,C,0
53.94,80.69,13.99,B,1
70.73,101.07,8.62,A,1
31.59,58.31,0.37,B,0
60.37,112.29,12.04,B,1
46.06,115.08,0.04,C,1
49.26,94.98,1.59,B,1
37.37,50.39,19.22,A,0
45.99,80.07,10.0,A,0
65.6,124.66,9.36,B,1
56.99,44.44,5.57,C,0
70.79,93.05,9.7,A,1
64.13,76.4,1.6,B,1
55.27,116.09,6.16,C,1
70.93,86.5,3.55,A,1
55.27,108.08,3.16,A,1
59.94,111.31,8.54,B,1
46.44,136.72,2.31,B,1
50.8,95.94,7.67,A,0
41.63,107.52,4.19,C,0
61.88,70.3,,B,1
35.86,123.81,2.14,C,0
59.39,84.79,0.59,C,0
47.71,88.78,17.73,C,0
64.05,99.56,27.32,B,1
59.01,68.74,9.0,A,0
71.85,104.58,,B,1
58.77,119.35,0.15,A,1
31.14,105.86,0.87,B,1
49.2,68.22,16.94,A,0
35.94,97.52,28.18,B,0
43.78,114.84,1.23,A,1
68.13,62.44,1.4,A,0
57.65,78.5,1.74,A,0
41.61,117.53,15.57,B,1
37.84,105.4,7.84,C,0
50.39,108.24,7.43,A,1
35.4,137.19,0.08,C,1
,109.37,4.88,C,0
53.74,113.16,,A,1
63.86,154.21,2.17,B,1
57.31,95.72,0.37,B,1
22.5,84.04,8.47,A,0
53.65,108.56,8.21,B,1
50.86,108.78,2.9,A,1
54.97,89.47,14.21,C,0
69.39,79.35,13.13,C,0
25.24,146.2,10.53,C,1
42.91,106.54,5.07,B,1
57.09,85.35,38.68,B,0
31.02,118.32,2.36,C,0
67.71,97.82,5.18,A,1
54.42,94.94,15.63,A,0
60.16,111.25,11.44,B,1
43.15,74.16,5.54,A,0
59.77,107.05,,A,1
62.82,138.26,13.36,A,1
52.79,109.32,4.96,B,1
52.81,92.48,0.99,A,1
,89.86,2.0,A,0
39.64,91.79,6.38,A,0
48.23,94.92,0.42,A,0
48.17,92.44,8.6,C,0
54.6,118.33,0.68,A,1
62.0,65.34,3.34,B,1
37.3,117.24,8.27,C,0
48.5,92.41,1.55,A,0
67.78,107.54,5.83,C,1
41.08,77.46,44.69,B,0
40.13,126.57,0.55,B,1
52.43,124.91,7.86,A,1
60.13,119.19,8.63,A,1
50.14,69.7,8.81,C,0
65.95,116.58,23.91,C,1
60.28,108.1,10.11,C,1
60.1,67.89,26.57,C,0
56.65,99.51,5.61,A,1
77.93,107.29,5.84,C,1
47.54,111.12,29.29,B,1
25.96,103.55,7.56,C,0
69.25,105.82,2.71,A,1
44.51,129.47,11.84,A,0
51.29,124.52,8.17,C,1
65.71,42.66,10.49,C,0
30.77,93.65,7.54,B,0
34.98,96.71,15.11,A,0
30.78,64.96,3.95,A,0
40.47,101.88,1.56,C,0
55.28,124.98,2.04,B,1
56.29,78.27,10.29,B,1
53.32,106.73,8.06,B,1
33.05,81.68,24.9,B,0
22.28,86.56,6.15,B,0
50.65,129.55,2.61,B,1
44.34,89.15,34.66,C,0
55.51,109.24,21.01,C,0
58.42,62.58,14.0,C,0
51.66,137.25,18.78,B,1
59.12,112.05,4.31,B,1
52.75,96.35,2.45,B,1
,111.51,3.33,C,0
41.54,71.8,18.19,B,0
47.84,123.65,12.35,B,1
,93.52,0.51,B,1
,95.92,9.51,B,1
45.28,90.17,2.83,B,1
56.25,88.39,27.27,A,0
46.81,113.89,12.81,B,1
48.59,105.12,9.19,B,1
59.95,113.03,6.45,A,1
26.08,99.82,1.74,C,0
34.44,110.26,10.17,B,1
32.21,91.62,6.34,A,0
22.0,144.59,14.96,C,0
41.86,68.64,3.41,B,0
58.99,125.22,9.15,C,1
46.58,127.36,0.9,A,1
52.37,82.96,1.94,C,0
63.07,144.59,1.86,B,1
65.93,119.91,3.64,B,1
49.17,119.42,16.79,A,1
66.24,100.56,5.24,B,1
51.11,95.66,6.24,B,1
39.95,95.81,0.69,B,1
42.87,107.81,5.01,B,1
32.23,128.02,5.5,C,0
39.34,103.63,,B,1
45.7,81.77,8.84,A,0
59.64,116.49,5.69,C,1
70.65,118.42,1.48,B,1
33.41,113.09,7.54,C,0
54.71,114.91,5.79,C,1
37.51,94.58,3.43,C,0
55.7,81.42,0.22,C,0
48.43,82.64,4.4,B,1
28.03,67.29,19.96,A,0
61.14,104.74,14.91,B,1
42.74,98.33,7.11,C,0
43.59,91.2,1.74,B,1
37.16,40.89,12.14,C,0
42.15,75.05,13.93,A,0
55.13,122.42,0.39,A,1
47.73,86.71,21.16,B,0
,107.21,22.4,B,1
54.34,72.19,2.04,A,0
65.85,128.77,3.59,A,1
45.89,97.12,0.58,C,0
32.28,105.8,13.24,B,0
62.81,146.52,5.99,A,1
46.02,130.33,10.12,A,1
63.38,93.87,8.71,B,1
54.6,88.14,11.09,A,0
48.43,93.49,5.04,B,1
54.19,110.2,2.38,C,1
73.41,97.9,4.76,A,1
74.92,92.1,1.41,B,1
50.83,129.34,33.83,A,1
51.92,97.72,4.46,A,1
62.91,145.99,2.64,C,1
39.85,101.81,3.6,B,1
54.0,135.71,3.83,C,0
49.69,107.15,5.66,A,1
53.77,119.26,5.69,A,1
40.0,85.51,2.86,B,1
30.93,82.92,5.78,B,0
25.12,109.19,32.69,C,0
36.59,119.77,1.04,A,0
44.5,100.81,1.71,C,0
46.48,74.27,28.75,C,0
73.25,72.79,13.8,B,1
63.27,71.46,,A,1
38.45,64.65,9.97,B,0
54.17,102.19,16.7,A,1
45.12,122.5,0.72,C,0
46.59,99.73,15.95,B,1
52.22,54.79,6.65,C,0
57.43,96.18,17.36,B,1
45.93,96.74,7.56,B,1
62.77,141.92,0.07,B,1
36.3,70.86,3.08,B,0
50.08,92.19,1.85,C,0
81.17,134.12,11.06,A,1
52.68,109.0,8.85,C,0
67.2,111.27,2.93,C,1
51.1,102.29,4.32,C,0
56.97,106.6,2.0,B,1
49.32,115.55,1.81,C,0
47.96,83.81,0.87,A,0
40.65,117.56,5.98,C,0
55.16,72.54,2.54,A,0
39.78,106.57,4.91,A,0
57.99,103.57,6.84,B,1
63.02,87.67,7.14,A,0
54.4,99.55,1.92,A,1
46.57,87.55,,C,0
55.45,78.57,,A,0
46.3,92.93,4.31,B,1
61.23,77.92,11.12,A,0
28.02,106.46,0.3,C,0
45.97,77.0,14.56,C,0
26.11,114.24,18.19,B,0
,76.37,6.7,B,0
66.37,88.67,14.59,C,0
60.74,87.51,4.95,C,0
41.37,126.5,2.64,A,1
31.97,106.61,0.51,B,0
14.43,95.77,0.41,C,0
43.48,109.97,14.67,A,0
79.04,57.86,22.12,C,0
55.22,99.14,6.33,A,1
43.29,139.95,17.85,C,0
55.58,102.65,8.2,A,1
31.27,101.36,13.43,A,0
46.43,110.96,7.56,C,0
51.19,117.91,7.22,C,0
48.97,60.05,3.41,C,0
59.49,66.35,7.53,C,0
54.14,104.21,2.4,B,1
58.02,85.7,0.46,A,0
41.74,126.24,,A,0
60.77,93.7,0.79,B,1
69.55,61.31,4.55,A,0
38.36,74.64,0.18,C,0
39.35,45.01,7.63,A,0
66.03,95.32,3.03,A,1
47.7,96.23,1.06,A,0
66.85,91.51,4.28,A,1
44.69,121.58,4.03,A,0
67.46,123.97,11.8,B,1
51.58,96.59,20.18,A,0
53.1,57.31,11.27,B,0
68.78,112.35,1.02,C,1
45.66,111.11,2.14,B,1
38.71,106.19,50.71,B,0
44.62,119.63,,A,1
55.43,76.7,4.07,A,0
31.21,140.18,13.46,A,1
57.65,80.81,12.99,C,0
43.53,114.98,1.12,B,1
63.77,66.25,7.22,A,0
21.27,81.39,1.0,B,0
40.56,130.33,14.54,C,0
29.76,94.78,0.63,B,1
40.09,116.8,6.14,B,1
52.97,104.74,16.64,C,0
47.85,97.9,4.66,B,1
46.96,127.28,9.94,B,1
48.09,95.27,7.1,A,0
,64.39,16.0,A,0
37.9,83.94,24.48,C,0
58.48,111.02,10.11,B,1
57.95,107.91,20.73,B,1
54.62,68.66,3.46,B,0
56.68,85.51,6.31,A,1
53.56,88.37,4.78,C,0
74.42,92.69,21.39,A,1
48.95,72.48,13.6,C,0
46.32,87.43,3.0,B,1
40.96,85.43,3.75,A,0
37.61,115.43,25.23,A,1
35.07,116.18,2.21,C,0
,97.08,,A,0
49.15,92.16,3.65,A,0
54.01,102.8,,C,0
50.61,83.67,,A,0
40.81,77.06,4.31,A,0
60.8,81.2,1.06,A,0
58.87,87.3,0.14,C,0
48.08,76.73,4.41,A,0
42.17,103.24,13.74,A,0
56.58,114.59,12.35,A,1
52.26,68.26,2.18,A,0
32.62,100.5,2.89,A,0
49.18,95.6,5.32,A,0
53.14,106.83,0.76,A,0
39.2,99.74,8.17,B,1
52.28,70.93,2.38,C,0
32.54,74.75,17.03,A,0
66.03,100.59,8.35,A,1
64.98,120.58,2.99,C,1
46.97,55.72,13.26,C,0
54.36,106.91,18.29,B,1
21.08,123.79,6.27,A,0
36.12,96.94,2.57,B,1
46.47,111.0,26.56,A,0
37.13,85.94,16.18,A,0
58.57,97.61,19.52,A,0
73.97,67.58,8.94,B,1
35.88,53.11,8.36,A,0
39.95,118.86,9.53,B,1
52.83,80.3,1.44,A,1
69.33,90.89,7.5,A,1
35.33,72.27,1.52,C,0
52.99,71.8,2.38,C,0
71.86,96.52,3.16,A,1
30.18,85.41,11.58,B,0
34.63,107.56,5.76,A,0
44.92,109.05,5.75,A,0
43.75,106.42,8.61,B,1
59.75,104.77,5.71,A,1
52.9,131.56,10.08,B,1
,78.65,0.62,B,0
56.18,98.9,4.07,A,0
43.07,122.65,5.97,A,1
65.29,125.29,0.93,A,1
42.47,71.56,4.92,C,0
42.36,93.75,5.01,B,0
56.49,127.16,9.83,A,1
59.16,110.16,3.15,A,1
55.38,103.91,8.78,B,1
29.77,95.65,10.94,A,0
56.46,92.32,9.44,B,1
37.59,105.76,2.56,C,0
52.82,94.95,10.45,B,1
32.92,99.15,9.61,A,0
55.36,101.57,3.12,A,1
,86.44,2.13,A,0
34.61,110.64,2.99,B,1
58.57,158.28,1.39,C,1
52.9,64.46,6.57,A,0
42.63,106.48,,B,1
67.41,84.8,4.76,B,1
44.71,111.55,2.8,A,1
50.39,100.93,0.87,A,1
53.23,115.24,,A,1
42.56,123.51,6.83,B,1
55.65,103.85,12.15,B,1
43.6,122.64,14.31,B,1
45.06,53.11,12.22,C,0
66.35,131.81,4.45,C,1
37.51,107.5,7.99,C,0
21.05,121.56,0.37,C,0
69.33,75.6,13.64,C,0
80.59,83.38,19.04,C,1
45.14,102.92,21.9,B,1
26.76,99.66,2.22,C,0
46.27,105.66,1.99,C,0
,121.69,5.47,B,1
47.72,64.7,8.19,B,0
36.64,119.48,7.36,B,1
56.95,100.17,15.99,C,0
56.29,95.92,6.05,B,1
32.07,70.58,5.82,C,0
58.39,110.06,6.21,C,1
74.63,51.72,4.54,C,0
52.06,112.97,4.4,A,1
45.95,70.16,,B,0
48.3,101.07,1.22,C,0
57.38,97.62,2.45,C,0
29.23,123.39,1.2,C,0
51.97,96.43,5.35,B,1
45.31,86.12,29.26,B,0
72.17,89.87,7.05,A,1
47.91,125.46,6.3,C,0
70.01,110.73,6.55,A,1
36.76,92.29,1.99,B,1
57.05,95.27,5.32,C,0
53.83,68.66,1.83,B,0
39.57,107.77,8.76,A,0
52.13,64.8,14.81,A,0
64.55,115.04,1.98,C,1
46.11,102.57,21.85,B,1
29.7,147.74,17.76,A,1
49.79,78.0,0.01,B,1
39.17,97.95,3.59,A,0
45.89,135.97,1.72,C,1
49.02,123.83,1.36,A,1
29.53,86.08,14.1,A,0
30.61,104.48,10.06,A,0
55.78,100.04,5.3,B,1
43.73,105.64,13.04,B,1
19.22,86.03,11.6,C,0
59.42,98.21,0.76,B,1
53.27,68.04,0.67,A,0
41.43,102.7,11.37,A,0
,109.0,0.82,A,0
60.03,95.45,15.1,C,0
54.19,67.7,8.28,A,0
78.59,119.77,10.23,C,1
55.04,107.29,4.27,A,1
54.65,85.48,2.49,A,0
,94.39,3.26,A,0
59.8,69.99,1.01,A,0
57.5,79.49,3.41,C,0
65.02,89.24,9.39,B,1
43.74,124.57,16.53,A,1
44.78,87.21,0.51,B,1
44.25,112.8,15.8,B,1
59.49,89.23,24.41,C,0
67.98,104.96,21.04,C,1
44.49,97.17,6.32,B,1
44.9,117.46,15.75,C,0
53.77,89.3,11.48,C,0
47.05,68.55,6.08,B,1
61.42,72.36,6.67,B,1
22.98,89.36,1.42,A,0
40.08,75.02,13.85,C,0
40.61,108.2,0.64,C,0
22.16,90.68,9.21,A,0
38.44,147.49,30.98,C,0
39.02,65.25,11.41,C,0
47.59,104.07,6.46,A,0
63.36,77.44,3.81,B,1
47.06,90.13,15.1,C,0
37.63,102.83,0.76,C,0
49.32,53.49,5.41,A,0
62.59,104.74,11.93,A,1
38.29,138.06,3.27,B,1
39.07,90.93,3.95,A,0
56.7,105.2,0.74,A,1
47.34,120.5,1.29,A,1
57.77,96.72,,A,0
49.84,88.38,3.42,B,1
58.42,54.49,5.89,B,0
37.58,112.82,3.18,B,1
49.85,97.74,2.79,C,0
47.47,79.75,9.25,B,0
35.41,102.53,22.13,A,0
31.24,88.33,6.02,A,0
58.23,89.43,6.3,A,1
45.79,112.13,2.66,A,1
37.73,73.23,3.74,A,0
48.85,120.95,3.3,A,1
63.54,72.05,24.52,A,0
22.63,86.75,9.94,B,0
32.04,138.46,12.28,B,1
38.93,122.55,1.72,C,0
,101.95,13.83,C,0
53.39,81.19,4.65,B,1
59.21,89.41,1.19,A,0
36.32,101.47,8.2,B,1
36.57,100.75,1.28,A,0
55.37,98.18,4.83,B,1
50.7,99.38,1.06,A,1
56.58,95.71,6.31,B,1
47.75,71.16,1.81,A,0
53.34,89.67,1.93,B,1
51.9,118.29,1.3,C,1
59.33,72.63,0.34,C,0
59.68,96.21,1.07,B,1
30.56,83.6,11.92,B,0
23.03,102.23,3.78,A,0
,92.23,14.31,B,1
64.25,129.55,21.36,B,1
37.75,110.13,23.16,A,0
27.68,73.76,0.58,A,0
51.19,113.42,,C,0
61.17,84.51,0.86,B,1
71.57,88.46,17.0,B,1
56.2,106.28,12.15,B,1
45.54,90.17,3.59,B,1
39.28,117.86,3.93,B,1
50.14,84.51,6.5,A,0
46.41,87.62,9.38,B,0
37.82,86.87,14.88,B,1
74.59,88.69,0.93,A,1
71.42,121.98,6.59,C,1
63.63,112.58,3.83,A,1
38.95,134.2,2.56,B,1
,145.35,,B,1
57.68,79.39,4.11,B,1
55.31,101.41,11.3,B,1
65.0,76.48,14.02,C,0
57.62,84.45,3.79,B,1
58.88,87.4,0.14,B,1
57.64,78.86,28.21,B,0
54.09,78.96,9.78,A,0
28.6,97.11,18.17,A,0
51.0,75.67,,B,1
43.33,116.84,1.11,A,1
34.64,81.64,0.49,A,0
70.18,156.19,1.97,A,1
70.75,90.97,0.07,B,1
66.31,101.44,16.78,A,0
53.06,74.09,3.02,C,0
66.21,134.12,12.79,B,1
50.14,122.39,14.29,B,1
52.43,105.94,14.18,A,1
36.88,73.06,5.3,B,0
54.76,104.21,28.17,A,0
50.72,77.57,17.73,B,0
34.37,129.25,25.55,A,0
49.39,116.18,7.08,C,0
49.04,101.91,16.35,A,1
71.57,51.27,4.91,B,1
60.73,80.33,10.59,A,0
50.14,113.76,9.62,B,1
52.99,124.26,0.59,B,1
50.53,122.18,1.8,A,1
47.57,68.16,12.39,A,0
37.01,106.03,0.21,A,0
48.19,120.31,11.72,A,1
41.05,66.83,7.06,C,0
35.0,99.84,37.63,B,0
56.13,105.48,0.28,A,1
54.7,93.98,5.79,C,0
28.56,62.96,25.42,A,0
,93.49,0.07,B,1
61.95,93.45,8.52,B,1
62.71,97.04,3.46,C,0
62.31,88.73,2.32,B,1
50.47,91.14,10.85,B,1
39.86,99.21,5.01,C,0
37.0,108.85,6.81,A,0
54.14,93.91,0.0,C,0
54.55,91.81,6.26,C,0
65.45,101.85,0.64,C,1
63.2,61.58,5.26,A,0
,109.54,0.72,A,1
35.07,99.99,8.8,B,1
46.17,100.79,1.51,B,1
52.61,119.21,0.22,B,1
47.58,60.94,13.65,C,0
43.07,60.52,1.95,B,0
53.03,105.48,0.06,A,1
43.95,99.86,9.57,B,1
,103.4,5.97,A,0
53.74,90.76,7.56,A,0
,113.29,16.43,A,0
52.93,118.65,1.62,C,1
53.28,109.68,2.26,B,1
,94.78,11.0,B,0
44.23,57.85,3.62,A,0
67.25,115.38,2.35,B,1
36.06,124.43,13.4,C,0
,112.89,3.46,C,0
27.66,82.41,3.33,B,0
50.35,113.48,23.41,C,0
50.37,117.21,0.13,B,1
48.59,131.18,24.03,B,1
64.57,82.48,3.23,C,0
17.93,95.47,26.17,A,0
54.75,114.95,1.11,A,1
68.74,101.15,6.86,A,1
36.47,77.65,10.74,B,0
45.44,108.29,11.14,B,1
40.97,111.57,0.77,B,1
39.27,101.76,0.73,B,1
46.08,104.39,,A,0
67.13,94.83,0.77,C,1
72.05,129.57,12.89,A,1
45.97,81.99,15.03,C,0
72.86,88.25,1.22,A,1
50.43,100.22,11.73,B,1
71.04,117.58,0.4,B,1
48.88,70.05,25.12,C,0
51.57,73.79,5.9,A,0
54.39,59.25,10.54,C,0
88.15,100.65,10.43,B,1
60.22,77.63,8.57,B,1
41.51,92.31,,B,0
61.63,113.23,0.23,A,1
45.66,87.17,16.08,B,0
44.12,104.63,7.38,A,1
60.9,94.01,2.29,A,1
50.37,113.44,3.38,B,1
,109.5,3.59,B,1
50.17,86.16,0.53,A,0
54.04,96.63,1.67,A,0
55.1,120.87,0.16,A,1
26.76,107.87,7.16,A,0
58.0,72.06,,B,0
38.22,113.11,25.57,A,0
32.69,78.31,2.17,C,0
49.3,128.25,6.86,A,1
51.01,120.48,0.55,A,1
41.68,105.8,2.88,C,0
59.97,103.14,7.57,A,1
33.89,95.82,24.24,B,0
45.12,113.57,26.15,C,0
42.98,92.58,0.4,C,0
49.44,104.71,7.78,B,1
53.35,117.44,2.02,A,1
37.91,88.76,16.73,B,0
58.69,87.68,10.71,C,0
50.76,76.11,1.88,C,0
27.3,78.71,3.94,A,0
26.5,63.43,0.06,A,0
,114.6,4.16,A,1
47.35,136.18,6.32,A,1
48.76,128.51,5.17,B,1
49.66,67.48,10.4,A,0
52.71,114.5,1.18,A,1
61.37,128.44,14.08,A,1
36.67,90.86,3.78,B,1
35.94,102.03,3.94,A,0
36.88,59.84,2.82,B,0
53.47,105.33,12.07,A,0
64.94,78.73,4.12,C,0
44.82,103.99,2.96,A,1
19.98,68.78,8.04,B,0
,110.86,8.12,A,0
40.0,120.49,,A,1
43.31,84.34,15.38,A,0
45.1,77.26,3.84,A,0
50.46,56.88,10.39,A,0
46.26,94.67,2.8,B,1
62.59,88.37,12.17,B,1
41.89,68.98,11.84,A,0
,109.06,10.1,B,1
55.75,91.0,12.79,B,1
31.57,78.49,6.85,A,0
54.68,88.91,1.63,A,0
51.23,121.43,5.7,A,1
48.23,112.06,1.89,A,1
69.06,97.4,7.67,B,1
42.53,112.38,0.95,C,0
74.72,76.78,6.75,C,1
47.29,100.65,1.26,C,1
34.68,102.95,,B,0
50.84,90.6,32.78,A,0
,108.71,9.18,A,0
40.98,84.39,2.94,A,0
54.76,110.2,2.18,A,1
56.67,111.04,4.33,A,1
42.53,41.66,5.72,B,0
61.85,123.81,7.44,A,1
63.89,39.05,2.33,A,0
67.24,87.68,8.03,B,1
56.35,120.51,1.46,A,1
66.36,93.65,20.8,C,0
27.43,70.68,10.49,A,0
46.19,78.13,5.18,B,1
39.6,120.54,9.16,A,1
51.43,61.57,1.36,B,0
43.14,122.58,15.65,A,0
48.01,98.9,18.52,A,0
72.59,76.15,1.73,B,1
47.96,88.34,0.31,A,0
54.97,79.66,3.5,A,0
47.21,117.32,8.86,C,0
50.91,114.65,28.66,A,0
50.07,65.62,3.26,B,0
55.38,91.93,3.19,B,1
63.98,82.74,1.02,A,1
69.77,125.87,16.15,B,1
53.72,73.0,24.93,A,0
57.07,132.08,0.58,B,1
36.19,99.33,0.76,A,0
48.95,76.76,2.43,A,0
61.28,86.45,17.83,A,0
60.39,83.97,38.47,C,0
52.54,74.51,3.48,C,0
60.64,101.9,11.18,C,0
55.89,75.44,7.16,B,1
64.4,56.39,1.95,B,1
53.47,92.41,6.35,B,1
45.73,63.94,23.29,C,0
54.03,84.96,11.45,B,1
14.83,81.82,12.02,A,0
54.59,82.58,10.96,B,1
6.22,140.02,1.21,B,1
29.32,101.13,,A,0
55.42,104.91,9.3,A,1
55.73,64.47,6.02,A,0
36.05,86.92,0.09,C,0
,104.31,0.75,A,0
66.45,79.51,18.77,C,0
44.19,118.16,11.34,B,1
76.92,75.95,,C,0
49.98,94.27,17.27,A,0
54.9,88.28,9.7,C,0
69.4,103.29,30.31,B,1
51.57,87.19,18.82,A,0
37.97,94.58,,A,0
48.68,95.28,3.3,A,0
49.57,85.31,5.95,A,0
,109.7,2.47,B,0
46.93,104.77,15.65,C,0
41.09,98.23,1.54,B,1
61.09,91.39,7.13,B,1
50.42,115.93,10.94,B,1
46.61,95.28,7.15,C,0
48.73,93.87,2.36,C,0
52.68,102.09,5.48,A,1
57.4,133.93,1.23,C,1
38.0,73.19,5.84,A,0
37.5,115.4,6.47,C,0
,62.14,5.57,C,0
45.05,104.35,6.31,B,1
33.0,131.5,2.26,A,1
55.33,109.77,27.02,B,1
55.56,103.41,10.34,A,0
31.63,88.79,7.76,C,0
52.75,100.62,8.67,A,0
58.83,94.96,3.82,B,1
54.49,84.28,20.66,C,0
57.58,94.2,1.22,A,1
33.15,103.97,0.34,A,0
53.97,84.66,8.9,B,1
46.37,83.87,6.97,B,1
44.21,72.8,3.17,A,0
60.45,107.81,31.7,A,0
67.75,110.91,9.97,B,1
71.53,104.63,5.79,B,1
65.78,119.3,12.54,B,1
48.68,101.76,1.42,A,1
54.23,107.84,3.34,B,1
59.2,106.08,1.78,A,1
,98.17,1.88,A,0
51.57,89.38,12.08,B,1
59.89,144.28,5.06,A,1
