área,perímetro,compacidad,largo_grano,ancho_grano,coef_asimetría,largo_surco,clase
12.87,13.76,0.8546,5.366,2.979,6.339,5.143,Canadiense
12.14,13.09,0.8907,5.066,3.005,4.356,4.959,Canadiense
17.54,15.78,0.8848,5.825,3.618,2.966,5.73,Rosa
14.79,14.49,0.8856,5.527,3.345,1.831,5.314,Kama
10.9,12.64,0.8569,4.983,2.785,4.073,4.883,Canadiense
11.51,13.12,0.8408,5.251,2.76,5.308,5.167,Canadiense
19.45,16.59,0.8879,6.326,3.861,3.74,6.063,Rosa
17.45,15.89,0.8691,6.084,3.483,4.084,6.054,Rosa
11.64,13.13,0.8479,5.186,2.886,2.642,4.678,Kama
20.06,17.02,0.8704,6.47,3.865,3.275,6.084,Rosa
12.89,13.63,0.8721,5.278,3.027,4.217,5.213,Canadiense
14.38,14.29,0.8843,5.413,3.329,3.163,4.686,Kama
11.68,13.36,0.8221,5.415,2.741,8.509,5.267,Canadiense
15.29,14.59,0.9027,5.626,3.427,2.882,5.401,Kama
17.14,15.81,0.8611,5.99,3.449,3.94,5.933,Rosa
10.7,12.76,0.8251,5.178,2.671,4.453,4.991,Canadiense
12.48,13.68,0.8377,5.482,2.877,5.441,5.371,Canadiense
12.43,13.44,0.8646,5.19,2.939,5.885,5.051,Canadiense
21.76,17.63,0.8794,6.838,4.0,1.385,6.661,Rosa
17.29,15.58,0.8951,5.721,3.686,5.47,5.495,Rosa
12.87,13.61,0.8733,5.237,3.073,1.786,4.757,Kama
17.82,15.87,0.8894,5.9,3.631,3.486,5.809,Rosa
11.12,12.85,0.8467,5.077,2.79,5.301,5.093,Canadiense
11.53,12.93,0.867,5.063,2.874,5.571,4.887,Canadiense
17.6,15.9,0.8748,6.145,3.474,3.066,5.888,Rosa
12.1,13.21,0.8714,5.141,2.946,1.885,4.809,Kama
12.05,13.4,0.8431,5.299,2.894,5.498,5.107,Canadiense
11.86,13.51,0.8168,5.366,2.711,5.386,5.223,Canadiense
17.76,15.79,0.8951,5.999,3.576,5.108,5.891,Rosa
12.36,13.46,0.8571,5.318,2.974,3.886,5.228,Canadiense
14.81,14.65,0.8676,5.675,3.226,3.445,5.316,Kama
17.74,16.06,0.8644,6.269,3.492,4.431,6.136,Rosa
14.36,14.19,0.8957,5.414,3.323,2.477,5.132,Kama
15.21,14.75,0.8783,5.76,3.322,2.018,5.317,Kama
11.56,13.06,0.852,5.202,2.799,4.575,5.269,Canadiense
18.45,16.38,0.8638,6.418,3.518,2.196,6.258,Rosa
15.19,14.65,0.8894,5.651,3.378,2.798,5.22,Kama
16.25,15.18,0.8857,5.794,3.494,1.363,5.339,Kama
15.19,14.52,0.9056,5.498,3.379,1.225,5.026,Kama
15.17,14.7,0.8827,5.672,3.394,3.026,5.285,Kama
15.71,14.91,0.8873,5.72,3.395,1.382,5.335,Kama
12.94,13.59,0.8808,5.243,3.058,1.914,4.792,Kama
11.56,13.0,0.8591,5.084,2.889,5.588,5.1,Canadiense
14.61,14.41,0.8845,5.496,3.373,3.08,4.899,Kama
15.82,15.18,0.863,5.906,3.409,0.689,5.481,Kama
12.36,13.31,0.8776,5.056,2.979,2.471,4.837,Kama
12.41,13.48,0.8586,5.278,2.941,5.541,5.089,Canadiense
12.18,13.3,0.865,5.195,2.908,4.81,5.048,Canadiense
20.68,17.04,0.8949,6.555,3.97,4.05,6.572,Rosa
11.07,12.77,0.8533,5.096,2.733,3.159,5.035,Canadiense
18.01,15.94,0.8901,6.03,3.659,3.491,5.905,Rosa
19.3,16.67,0.8728,6.515,3.708,4.556,6.368,Rosa
11.82,13.12,0.8634,5.273,2.869,4.472,5.328,Canadiense
14.71,14.14,0.9244,5.252,3.475,3.044,4.965,Kama
11.3,13.01,0.839,5.104,2.81,8.081,4.956,Canadiense
11.37,12.96,0.8509,5.156,2.786,4.436,5.18,Canadiense
14.61,14.25,0.9041,5.336,3.335,1.367,5.142,Kama
14.29,14.3,0.878,5.499,3.194,5.081,5.086,Kama
17.94,15.92,0.8895,5.984,3.718,3.009,5.863,Rosa
14.23,14.48,0.8528,5.715,3.165,1.437,5.319,Kama
12.1,13.7,0.8104,5.477,2.726,5.492,5.314,Canadiense
13.1,13.7,0.8777,5.241,3.1,3.158,4.87,Kama
14.3,14.31,0.8769,5.59,3.219,1.672,5.259,Kama
16.1,15.31,0.8629,5.957,3.347,3.481,5.929,Rosa
17.14,15.82,0.8608,6.068,3.442,4.527,5.97,Rosa
12.77,13.55,0.8743,5.27,3.096,3.191,4.985,Kama
13.41,14.08,0.85,5.588,3.035,2.542,5.116,Kama
10.56,12.84,0.8048,5.207,2.52,3.845,5.058,Canadiense
15.26,14.64,0.8951,5.437,3.455,2.889,5.097,Kama
16.72,15.35,0.8913,5.821,3.544,3.335,5.815,Rosa
18.21,15.86,0.9104,5.795,3.753,3.197,5.745,Rosa
19.75,16.72,0.888,6.224,3.875,4.555,6.099,Rosa
9.74,12.31,0.8082,5.066,2.487,3.251,4.987,Canadiense
21.69,17.63,0.8767,6.875,3.92,1.728,6.691,Rosa
18.26,16.24,0.8706,6.295,3.541,3.888,6.16,Rosa
11.5,13.24,0.8241,5.372,2.666,6.65,5.264,Canadiense
14.74,14.5,0.8805,5.513,3.279,3.132,5.278,Kama
17.98,15.75,0.911,5.796,3.893,1.426,5.301,Kama
13.48,13.89,0.8783,5.335,3.16,3.091,4.812,Kama
11.88,13.28,0.847,5.245,2.879,4.689,5.131,Canadiense
20.45,16.89,0.9002,6.399,4.01,4.022,6.314,Rosa
18.68,16.34,0.8798,6.229,3.713,5.844,6.043,Rosa
14.19,14.16,0.89,5.5,3.24,2.071,5.015,Kama
18.38,15.96,0.9067,5.908,3.797,4.746,5.68,Rosa
13.56,13.93,0.8784,5.33,3.276,2.405,4.711,Kama
18.96,16.39,0.8871,6.16,3.757,3.033,5.889,Rosa
18.69,16.32,0.8816,6.247,3.717,4.384,6.002,Rosa
14.27,14.21,0.8886,5.393,3.24,0.689,4.863,Kama
13.49,13.97,0.8685,5.364,3.051,2.692,5.017,Kama
16.33,15.17,0.8915,5.815,3.552,1.931,5.422,Kama
19.84,16.58,0.9064,6.058,3.97,2.522,5.723,Rosa
17.14,15.86,0.8567,6.245,3.427,4.255,6.081,Rosa
16.38,15.58,0.8478,6.109,3.375,0.756,5.506,Kama
13.61,13.96,0.8776,5.36,3.182,6.086,5.257,Canadiense
13.96,14.06,0.8876,5.508,3.278,1.451,5.017,Kama
15.77,15.01,0.8793,5.738,3.473,1.242,5.19,Kama
19.7,16.76,0.8814,6.202,3.898,3.813,5.827,Rosa
19.77,16.89,0.8708,6.493,3.703,2.154,6.416,Rosa
11.96,13.37,0.8405,5.294,2.859,6.78,5.097,Canadiense
13.31,13.79,0.8793,5.294,3.168,2.383,4.815,Kama
12.4,13.74,0.8254,5.434,2.84,3.086,5.313,Canadiense
14.79,14.34,0.9043,5.404,3.45,2.837,5.076,Kama
13.87,14.08,0.88,5.558,3.13,1.288,5.341,Kama
17.09,15.54,0.8894,5.755,3.624,5.203,5.633,Rosa
10.93,12.83,0.8344,5.145,2.694,6.69,5.139,Canadiense
12.21,13.61,0.8287,5.36,2.788,5.103,5.327,Canadiense
15.72,14.83,0.8983,5.471,3.534,3.877,5.393,Rosa
13.1,13.65,0.8831,5.214,3.064,0.846,4.814,Kama
20.29,16.85,0.8975,6.396,3.947,1.682,6.199,Rosa
12.9,13.67,0.8674,5.211,3.008,4.386,4.936,Kama
17.5,16.02,0.8571,6.229,3.466,4.163,6.228,Rosa
11.79,13.33,0.8333,5.362,2.746,4.328,5.386,Canadiense
13.52,13.73,0.9006,5.159,3.199,2.011,4.91,Kama
11.94,13.36,0.8404,5.32,2.85,4.341,5.204,Canadiense
12.7,13.51,0.8742,5.297,3.045,4.601,5.301,Canadiense
21.54,17.59,0.8749,6.75,3.935,2.275,6.646,Rosa
18.32,16.16,0.8816,6.151,3.688,3.383,6.05,Rosa
11.57,12.99,0.8613,5.038,2.806,5.69,4.92,Canadiense
19.54,16.56,0.895,6.346,3.87,4.309,6.246,Rosa
12.29,13.45,0.8539,5.183,2.938,4.735,4.98,Canadiense
12.56,13.58,0.8565,5.337,2.91,3.718,4.847,Kama
19.05,16.51,0.879,6.297,3.691,4.166,6.214,Rosa
19.87,16.93,0.8715,6.527,3.773,4.362,6.513,Rosa
18.97,16.43,0.8832,6.22,3.724,4.349,6.09,Rosa
19.32,16.69,0.8712,6.285,3.674,2.515,6.175,Rosa
10.45,12.67,0.8187,5.194,2.596,5.273,5.358,Canadiense
15.2,14.9,0.8604,5.863,3.286,2.157,5.436,Kama
18.19,16.37,0.8534,6.204,3.523,3.295,6.102,Rosa
19.87,16.7,0.8958,6.424,3.81,1.325,6.316,Rosa
12.03,13.49,0.8306,5.386,2.867,7.099,5.35,Canadiense
19.73,16.93,0.8646,6.651,3.665,1.325,6.539,Rosa
19.32,16.51,0.8908,6.092,3.802,2.019,6.066,Rosa
17.18,15.85,0.8595,6.17,3.382,4.171,5.966,Rosa
19.89,16.61,0.9062,6.277,3.987,3.47,6.096,Rosa
13.25,13.67,0.8912,5.232,3.178,4.865,5.083,Canadiense
13.13,13.81,0.8649,5.413,3.111,7.865,5.12,Canadiense
18.41,16.15,0.8866,5.979,3.743,4.169,5.753,Rosa
18.14,16.09,0.8799,6.102,3.696,4.143,5.949,Rosa
16.27,15.18,0.887,5.858,3.427,3.703,5.825,Rosa
14.46,14.33,0.885,5.52,3.245,3.984,4.972,Kama
17.97,15.7,0.916,5.982,3.765,3.386,5.921,Rosa
21.11,17.34,0.8828,6.727,3.959,4.235,6.622,Rosa
19.02,16.5,0.8782,6.388,3.744,4.933,6.186,Rosa
18.4,16.35,0.8644,6.514,3.615,4.97,6.457,Rosa
11.95,13.15,0.8686,5.129,2.926,3.452,5.015,Canadiense
11.96,13.34,0.8442,5.351,2.861,5.304,5.305,Canadiense
17.37,15.57,0.9007,5.934,3.638,4.471,5.923,Rosa
14.59,14.3,0.8964,5.474,3.353,0.891,4.912,Kama
16.01,14.91,0.9047,5.593,3.576,2.603,5.106,Kama
16.62,15.17,0.9076,5.652,3.589,0.689,5.276,Kama
12.47,13.06,0.919,4.944,3.204,5.684,4.849,Canadiense
15.39,14.9,0.8714,5.706,3.277,4.059,5.69,Rosa
11.54,13.22,0.8296,5.232,2.723,1.495,5.146,Canadiense
17.42,15.95,0.8606,6.257,3.36,1.325,6.208,Rosa
11.17,13.06,0.8232,5.272,2.676,6.829,5.094,Canadiense
10.69,12.84,0.815,5.12,2.563,2.04,4.963,Canadiense
12.03,13.34,0.8499,5.197,2.846,3.61,4.952,Canadiense
17.1,15.6,0.8834,6.017,3.586,2.25,5.647,Kama
17.53,15.69,0.8946,5.811,3.7,3.537,5.608,Rosa
16.17,15.14,0.8871,5.828,3.499,2.0,5.36,Kama
11.8,12.92,0.8888,5.119,2.973,4.313,5.037,Canadiense
19.38,16.79,0.8638,6.384,3.715,5.185,6.101,Rosa
15.53,14.81,0.8896,5.647,3.428,3.051,5.312,Kama
13.01,13.73,0.8677,5.305,3.094,1.325,4.829,Kama
14.49,14.4,0.8778,5.567,3.188,2.587,5.251,Kama
17.05,15.57,0.8834,5.888,3.562,3.774,5.81,Rosa
13.2,13.92,0.8559,5.393,3.031,4.403,5.266,Canadiense
12.75,13.43,0.8879,5.263,3.099,5.32,5.004,Canadiense
17.89,15.91,0.8883,6.106,3.669,4.05,5.811,Rosa
15.01,14.42,0.9074,5.509,3.432,4.1,5.225,Kama
16.09,15.12,0.8847,5.803,3.418,2.289,5.258,Kama
10.8,12.7,0.8417,5.051,2.711,5.077,4.811,Canadiense
12.15,13.26,0.8687,5.131,2.986,4.626,5.075,Canadiense
16.11,14.9,0.9113,5.515,3.653,4.565,4.82,Kama
16.29,15.25,0.8802,5.767,3.451,3.078,5.587,Kama
11.79,13.32,0.8351,5.376,2.824,3.461,5.349,Canadiense
18.95,16.31,0.8948,6.219,3.847,3.891,6.115,Rosa
14.28,14.4,0.8648,5.581,3.153,3.83,5.088,Kama
11.91,13.4,0.8336,5.39,2.83,6.159,5.346,Canadiense
13.84,14.34,0.8458,5.539,3.091,4.974,5.45,Rosa
11.61,13.08,0.8528,5.192,2.868,6.574,5.059,Canadiense
13.88,13.98,0.8922,5.236,3.201,1.529,4.945,Kama
11.63,13.09,0.8529,5.172,2.838,5.094,5.074,Canadiense
11.87,13.22,0.8535,5.266,2.848,4.595,4.997,Canadiense
17.65,15.66,0.9047,5.88,3.737,3.014,5.752,Rosa
11.44,13.21,0.8236,5.268,2.717,6.647,5.176,Canadiense
12.13,13.21,0.8732,5.059,2.981,4.038,5.065,Canadiense
21.45,17.54,0.8763,6.598,3.979,3.463,6.407,Rosa
14.25,14.29,0.877,5.665,3.116,4.577,5.295,Kama
13.87,14.14,0.8716,5.479,3.17,4.325,5.001,Kama
15.12,14.61,0.8898,5.583,3.419,1.563,5.238,Kama
17.73,16.03,0.867,6.1,3.618,3.804,5.874,Rosa
12.54,13.4,0.8779,5.167,3.023,1.778,4.984,Canadiense
11.22,13.26,0.802,5.496,2.657,5.053,5.525,Canadiense
11.68,12.99,0.8698,4.97,2.897,4.948,4.915,Canadiense
14.74,14.43,0.8902,5.44,3.304,2.062,4.992,Kama
12.01,13.54,0.8227,5.383,2.767,6.578,5.234,Canadiense
10.76,12.85,0.8183,5.124,2.599,3.149,4.99,Canadiense
11.69,13.0,0.8688,5.046,2.955,2.161,4.445,Kama
13.16,13.82,0.8657,5.438,3.038,3.967,5.195,Canadiense
14.84,14.45,0.8931,5.526,3.367,2.172,5.102,Kama
17.54,15.8,0.8828,5.95,3.614,3.479,5.883,Rosa
14.94,14.72,0.8663,5.794,3.223,4.276,5.317,Kama
12.35,13.34,0.8719,5.188,2.983,5.976,5.094,Canadiense
18.0,16.05,0.8778,6.19,3.571,4.397,6.209,Rosa
11.5,13.01,0.8535,5.056,2.838,5.783,5.004,Canadiense
10.3,12.45,0.8352,5.025,2.648,5.647,4.919,Canadiense
16.42,15.35,0.8758,5.852,3.435,1.325,5.625,Rosa
13.53,13.69,0.9069,5.184,3.165,3.817,5.022,Kama
18.61,16.18,0.8926,6.182,3.754,2.943,6.04,Rosa
20.38,16.92,0.8945,6.204,4.043,5.488,5.927,Rosa
12.99,13.64,0.8779,5.262,3.114,5.256,5.208,Canadiense
13.55,13.89,0.8822,5.273,3.161,2.886,4.96,Kama
14.03,14.32,0.8594,5.566,3.115,1.719,5.032,Kama
10.57,13.02,0.7832,5.394,2.475,4.998,5.306,Canadiense
16.19,15.06,0.897,5.735,3.475,1.418,5.339,Kama
13.94,14.07,0.8851,5.412,3.216,3.935,5.028,Kama
10.77,12.64,0.8474,5.029,2.743,5.153,4.872,Canadiense
20.03,16.82,0.8901,6.273,3.931,3.42,6.057,Rosa
15.26,14.92,0.861,5.981,3.18,2.376,5.419,Kama
20.58,16.99,0.8962,6.42,3.916,1.325,6.092,Rosa
12.84,13.6,0.8715,5.284,3.096,5.421,5.137,Canadiense
11.4,13.19,0.8236,5.316,2.765,6.913,5.333,Canadiense
16.24,15.22,0.8815,5.865,3.413,1.572,5.865,Rosa
12.37,13.45,0.8601,5.131,3.008,6.449,4.661,Kama
12.1,13.19,0.8741,5.169,2.987,6.339,5.135,Canadiense
20.72,17.19,0.8807,6.664,3.838,3.454,6.496,Rosa
15.3,14.77,0.8812,5.767,3.345,3.002,5.434,Kama
11.46,12.93,0.8609,5.053,2.882,2.561,4.903,Canadiense
12.14,13.42,0.8465,5.355,2.833,5.274,5.224,Canadiense
14.96,14.85,0.8531,5.832,3.155,1.759,5.539,Kama
12.07,13.59,0.8218,5.441,2.762,5.66,5.261,Canadiense
12.09,13.45,0.8396,5.352,2.861,5.547,5.157,Canadiense
12.05,13.5,0.8313,5.425,2.802,4.033,5.385,Canadiense
15.63,15.08,0.8633,5.823,3.277,6.156,5.907,Rosa
15.82,15.03,0.8798,5.823,3.422,2.982,5.412,Kama
13.21,13.9,0.8586,5.481,3.02,3.384,5.061,Kama
13.34,13.87,0.8714,5.412,3.104,3.709,4.912,Kama
12.29,13.3,0.8735,5.155,3.029,7.738,5.022,Canadiense
12.56,13.6,0.8534,5.416,2.933,7.072,5.217,Canadiense
11.64,13.33,0.824,5.453,2.719,4.78,5.267,Canadiense
11.4,12.77,0.8787,4.907,2.926,5.779,4.753,Canadiense
18.72,16.18,0.8981,6.09,3.785,2.742,5.922,Rosa
14.27,14.29,0.8777,5.538,3.193,1.051,5.086,Kama
12.41,13.37,0.872,5.309,2.964,3.939,5.312,Canadiense
17.93,15.82,0.9002,6.066,3.656,2.485,5.81,Rosa
15.57,15.17,0.8502,6.008,3.231,1.325,6.042,Rosa
11.53,13.02,0.8542,5.18,2.811,5.824,5.195,Canadiense
12.06,13.08,0.8863,5.057,3.019,7.611,4.865,Canadiense
13.25,13.81,0.873,5.417,3.079,2.792,4.89,Kama
16.2,15.16,0.8859,5.861,3.486,6.814,5.863,Rosa
13.01,13.59,0.8859,5.245,3.149,1.512,4.716,Kama
16.82,15.54,0.8756,6.011,3.481,3.799,6.023,Rosa
14.11,14.23,0.8756,5.543,3.225,2.329,4.993,Kama
18.2,16.16,0.8755,6.317,3.56,3.414,6.168,Rosa
19.29,16.59,0.8807,6.346,3.741,5.292,6.202,Rosa
14.65,14.48,0.8773,5.496,3.3,2.823,5.072,Kama
14.3,14.23,0.8875,5.465,3.258,4.369,5.117,Kama
11.02,13.05,0.8129,5.267,2.643,5.559,5.235,Canadiense
16.72,15.59,0.8641,6.027,3.452,2.186,5.535,Kama
13.99,14.02,0.8945,5.352,3.279,1.544,4.951,Kama
12.36,13.29,0.8799,5.099,3.018,3.537,4.606,Kama
12.85,13.67,0.8645,5.339,2.989,1.626,5.224,Canadiense
13.56,13.93,0.8784,5.345,3.145,2.441,4.835,Kama
14.22,14.35,0.8677,5.568,3.203,4.529,5.079,Kama
17.25,15.7,0.8793,5.961,3.526,3.865,5.802,Rosa
11.76,13.36,0.8282,5.413,2.697,6.196,5.244,Canadiense
16.57,15.33,0.8859,5.889,3.528,5.073,5.853,Rosa
13.35,13.75,0.887,5.305,3.2,5.609,5.056,Canadiense
12.11,13.16,0.8787,5.139,2.964,2.393,4.999,Canadiense
12.15,13.46,0.8426,5.297,2.839,3.888,5.0,Kama
12.08,13.16,0.8772,5.041,2.965,1.254,4.537,Kama
19.32,16.64,0.8765,6.428,3.748,2.556,6.206,Rosa
18.66,16.27,0.8855,6.188,3.73,5.145,6.033,Rosa
12.49,13.75,0.8304,5.47,2.847,4.344,5.4,Canadiense
19.39,16.6,0.8837,6.27,3.755,3.291,6.245,Rosa
19.77,16.72,0.8884,6.386,3.86,2.335,6.229,Rosa
16.49,15.24,0.8922,5.774,3.594,4.045,5.451,Kama
14.69,14.4,0.8903,5.611,3.197,2.487,5.181,Kama
13.39,14.22,0.8322,5.549,2.979,5.265,5.399,Canadiense
10.31,12.76,0.7958,5.26,2.449,3.658,5.217,Canadiense
12.34,13.48,0.8542,5.275,2.875,1.598,4.795,Kama
15.97,15.22,0.8662,5.92,3.308,3.968,5.863,Rosa
10.62,12.64,0.8351,4.926,2.684,4.335,4.924,Canadiense
17.68,15.82,0.8872,5.891,3.672,3.237,5.724,Rosa
11.86,13.03,0.8776,5.125,2.983,4.479,4.914,Canadiense
18.83,16.35,0.8851,6.3,3.667,4.851,6.232,Rosa
18.51,16.06,0.9016,5.917,3.815,3.54,5.704,Rosa
18.59,16.16,0.8946,6.212,3.752,2.118,6.106,Rosa
15.81,14.96,0.8878,5.766,3.358,1.912,5.46,Kama
12.79,13.41,0.8934,5.155,3.14,2.725,4.562,Kama
11.98,13.49,0.8275,5.326,2.744,4.695,5.331,Canadiense
17.92,16.03,0.8761,6.221,3.577,4.581,6.211,Rosa
11.71,13.22,0.8415,5.292,2.833,7.273,5.186,Canadiense
15.63,14.78,0.8992,5.659,3.472,2.662,5.355,Kama
18.47,16.29,0.8747,6.336,3.659,1.325,6.221,Rosa
13.53,14.07,0.8589,5.494,3.076,4.821,5.236,Kama
18.56,16.19,0.8901,6.167,3.763,2.312,5.915,Rosa
11.92,13.2,0.8593,5.15,2.861,4.018,4.934,Canadiense
20.37,17.02,0.8833,6.553,3.876,4.027,6.505,Rosa
