cilindrada,caballos_fuerza,peso,consumo_combustible,año,categoría,precio
4.1,249.6,1740.3,10.89,2020,Lujo,41589.0
2.76,171.9,1616.4,8.48,2021,Lujo,33070.0
4.43,247.8,2096.9,11.29,2005,Lujo,45541.0
3.79,210.6,1892.3,10.53,2012,Lujo,37558.0
1.38,112.0,1320.0,5.72,2021,Medio,22966.0
4.9,242.1,1957.1,12.37,2015,Lujo,41345.0
4.04,229.5,1950.9,9.65,2009,Lujo,35654.0
4.14,210.4,1899.7,10.83,2016,Lujo,42710.0
1.51,132.5,1220.2,6.53,2007,Medio,17369.0
2.8,191.6,1704.9,8.11,2005,Medio,27276.0
2.48,165.9,1698.3,7.96,2017,Medio,29921.0
4.71,243.1,2292.1,11.16,2015,Lujo,44901.0
3.58,211.2,1951.6,9.08,2020,Lujo,36604.0
4.29,226.1,1959.6,10.65,2011,Lujo,39040.0
2.77,187.8,1635.7,7.78,2022,Lujo,35805.0
1.91,103.4,1469.3,7.25,2013,Medio,20410.0
3.22,182.7,1719.1,8.46,2019,Lujo,31061.0
1.26,74.4,1229.5,6.44,2007,Medio,17435.0
4.31,205.5,2076.5,10.19,2006,Lujo,39182.0
3.53,225.6,1774.6,9.3,2020,Lujo,36784.0
4.03,237.4,1820.6,10.08,2021,Lujo,37613.0
2.42,143.8,1454.8,8.66,2023,Medio,26961.0
4.88,228.3,2196.8,12.01,2011,Lujo,43205.0
4.57,189.5,2043.5,11.19,2005,Lujo,40254.0
4.11,214.8,1969.2,10.88,2024,Lujo,39494.0
1.78,174.7,1425.0,5.58,2017,Medio,26198.0
2.87,182.5,1571.7,8.56,2009,Lujo,30988.0
1.18,96.9,1284.6,7.08,2020,Económico,14663.0
1.62,133.1,1349.8,6.67,2023,Medio,26851.0
3.73,181.2,1684.9,10.01,2010,Lujo,30786.0
3.98,213.8,2067.8,10.7,2020,Lujo,41574.0
4.87,256.6,2057.4,12.33,2020,Lujo,46795.0
2.3,150.6,1277.2,6.49,2015,Medio,27893.0
2.48,173.5,1395.1,6.96,2017,Medio,29812.0
2.88,181.3,1497.0,8.73,2010,Medio,24049.0
1.76,142.3,1345.7,6.38,2023,Medio,23829.0
1.52,108.4,1247.1,7.22,2024,Medio,22817.0
2.9,192.3,1585.3,8.46,2024,Lujo,33568.0
1.91,165.6,1451.3,5.89,2019,Medio,28045.0
3.68,189.7,1860.6,9.13,2005,Lujo,35212.0
2.75,154.0,1625.1,6.75,2012,Medio,29927.0
4.33,257.3,2031.9,10.79,2013,Lujo,42027.0
3.8,208.6,1924.2,9.97,2024,Lujo,36010.0
2.25,175.2,1209.4,7.34,2015,Medio,25266.0
4.33,225.2,1938.5,11.57,2015,Lujo,41585.0
4.22,255.0,1693.1,11.47,2007,Lujo,36049.0
2.55,164.4,1541.8,7.98,2020,Lujo,31354.0
2.15,150.8,1437.8,6.16,2011,Medio,26955.0
3.73,237.4,1958.0,10.34,2006,Lujo,37387.0
1.56,115.8,1432.3,6.83,2024,Medio,17431.0
1.8,115.0,1374.2,7.07,2008,Medio,17810.0
1.03,93.1,1097.3,6.24,2005,Medio,18457.0
4.15,234.0,1995.1,9.94,2006,Lujo,37408.0
3.66,178.2,1751.5,11.06,2014,Lujo,30002.0
3.82,224.3,1855.0,9.54,2007,Lujo,39056.0
4.12,215.2,2049.1,11.05,2021,Lujo,41591.0
2.84,194.1,1542.0,7.52,2015,Lujo,33782.0
3.27,147.9,1815.4,8.68,2011,Lujo,31599.0
1.56,108.2,1371.1,7.4,2005,Medio,19644.0
1.46,88.0,1150.0,6.18,2014,Medio,18890.0
3.67,192.1,1935.3,10.38,2008,Lujo,36318.0
2.88,179.8,1704.9,8.76,2024,Lujo,38976.0
3.26,187.2,1727.5,9.15,2010,Lujo,34461.0
4.06,217.8,1823.5,11.31,2014,Lujo,34906.0
3.54,198.7,1681.6,9.52,2005,Lujo,33386.0
3.21,192.2,1639.1,8.07,2007,Lujo,33669.0
3.24,171.3,1774.3,8.7,2009,Lujo,34043.0
2.22,161.4,1339.3,7.88,2006,Medio,22977.0
1.12,116.9,1233.3,6.03,2019,Medio,22821.0
2.75,176.8,1437.7,7.45,2023,Lujo,33506.0
1.86,144.4,1340.1,6.54,2024,Lujo,31894.0
2.63,170.7,1571.7,7.87,2010,Medio,26638.0
4.41,273.2,2296.8,10.84,2020,Lujo,45887.0
1.94,135.9,1218.7,6.27,2015,Medio,22386.0
1.23,103.8,1384.9,5.6,2005,Medio,16256.0
2.13,131.5,1449.4,6.96,2006,Medio,20658.0
2.17,128.4,1492.9,7.94,2015,Medio,19052.0
3.65,183.5,1826.1,10.32,2013,Lujo,33860.0
3.23,173.1,1760.4,9.08,2005,Lujo,31195.0
4.14,224.2,1915.5,10.38,2023,Lujo,40711.0
3.66,212.3,1988.8,9.94,2019,Lujo,43168.0
2.63,165.9,1501.6,7.71,2015,Medio,28855.0
4.26,216.5,2099.9,10.12,2024,Lujo,45991.0
1.67,142.9,1239.6,6.1,2024,Medio,25461.0
1.09,116.9,1165.5,5.36,2024,Medio,22811.0
1.36,111.5,1111.4,5.48,2010,Medio,18428.0
3.89,203.8,1927.0,10.32,2022,Lujo,42647.0
2.85,183.8,1785.3,8.99,2015,Lujo,32409.0
1.65,129.2,1302.0,5.68,2019,Medio,24266.0
3.0,154.1,1627.4,8.82,2022,Lujo,32811.0
1.61,123.1,1168.6,6.44,2008,Medio,18533.0
3.79,216.1,1818.8,10.26,2013,Lujo,37939.0
2.78,155.2,1405.0,8.45,2007,Lujo,31127.0
2.52,164.4,1421.5,7.17,2010,Medio,26059.0
2.21,122.1,1478.7,6.77,2013,Medio,25229.0
3.52,224.9,1938.6,9.65,2022,Lujo,42342.0
2.45,180.4,1848.9,8.53,2022,Lujo,35337.0
1.35,109.5,1167.3,4.83,2012,Medio,18528.0
1.47,125.4,1440.2,6.56,2011,Medio,15948.0
4.85,210.5,2141.1,12.47,2015,Lujo,44029.0
4.63,224.6,2040.4,11.32,2023,Lujo,39431.0
3.8,206.7,1901.6,10.41,2024,Lujo,43056.0
2.06,123.2,1423.3,6.88,2009,Medio,22913.0
4.88,267.9,2132.4,11.73,2008,Lujo,46548.0
4.12,260.6,1879.8,9.61,2019,Lujo,40527.0
3.87,193.5,1699.1,8.78,2011,Lujo,31459.0
2.8,156.8,1414.1,9.04,2008,Medio,27225.0
2.09,147.8,1500.6,6.75,2005,Medio,23370.0
1.39,144.4,1213.2,5.94,2013,Medio,19990.0
4.61,222.4,1981.1,10.54,2012,Lujo,41192.0
2.82,177.4,1606.8,7.67,2016,Lujo,37117.0
1.81,165.2,1447.8,6.79,2009,Medio,25939.0
2.22,119.2,1477.6,7.12,2019,Medio,28015.0
3.32,169.6,1650.5,9.53,2018,Lujo,34948.0
1.71,120.7,1473.9,7.0,2014,Medio,25959.0
4.43,227.7,2196.1,11.27,2008,Lujo,40524.0
4.03,236.0,1967.9,10.6,2015,Lujo,35885.0
3.88,219.5,1986.3,11.15,2018,Lujo,39396.0
2.73,137.2,1731.1,7.72,2012,Lujo,30017.0
3.51,209.6,1912.9,9.58,2010,Lujo,33407.0
3.34,183.1,1807.8,10.02,2015,Lujo,33704.0
3.6,226.9,1871.6,10.52,2012,Lujo,35536.0
1.34,102.2,1296.8,5.29,2013,Medio,22389.0
2.66,155.1,1434.1,8.07,2011,Medio,28604.0
1.17,116.4,1275.7,6.68,2011,Medio,20072.0
2.98,192.8,1481.3,9.07,2019,Lujo,33774.0
2.32,160.8,1384.5,7.83,2014,Medio,26440.0
1.58,92.8,1451.0,6.39,2014,Medio,21017.0
1.41,126.2,1354.2,6.03,2018,Medio,19658.0
3.35,175.4,1916.1,9.53,2012,Medio,28811.0
1.68,131.5,1288.0,6.54,2007,Medio,20681.0
4.7,222.4,1936.9,11.5,2022,Lujo,44267.0
3.32,201.0,1702.2,9.37,2006,Lujo,34814.0
2.39,141.0,1509.1,7.41,2016,Lujo,30372.0
3.36,171.5,1750.4,9.7,2010,Lujo,35409.0
1.09,116.5,1308.8,7.49,2009,Medio,15884.0
4.83,257.7,2065.2,10.67,2005,Lujo,41711.0
2.93,166.1,1674.5,8.88,2023,Lujo,33993.0
4.13,251.4,1814.1,10.15,2013,Lujo,45738.0
1.33,105.3,1286.8,6.48,2011,Medio,21927.0
2.95,178.4,1637.0,8.74,2019,Lujo,34912.0
2.96,183.4,1550.7,9.2,2005,Medio,27906.0
4.75,238.9,2059.5,12.31,2016,Lujo,41933.0
3.29,200.0,1699.6,9.37,2014,Lujo,35685.0
2.89,166.2,1591.1,9.31,2016,Medio,28142.0
2.07,135.3,1629.5,5.9,2007,Medio,23432.0
2.33,177.6,1469.8,8.68,2024,Lujo,30225.0
3.08,164.6,1641.4,9.16,2009,Lujo,33194.0
2.76,126.8,1337.2,9.06,2018,Medio,26111.0
1.09,132.5,1064.3,5.01,2019,Económico,14607.0
4.31,278.1,1944.7,10.39,2011,Lujo,43641.0
4.58,236.1,1963.9,11.42,2007,Lujo,38777.0
1.56,87.6,1456.1,6.49,2010,Medio,19360.0
3.22,183.1,1684.2,9.32,2021,Lujo,34239.0
1.43,112.2,1413.2,6.95,2023,Medio,22569.0
3.69,204.1,1829.6,8.84,2023,Lujo,40356.0
2.12,125.0,1435.7,7.98,2009,Medio,19552.0
3.64,215.9,1798.8,9.83,2017,Lujo,36264.0
3.91,225.8,1877.5,10.13,2008,Lujo,38614.0
4.07,196.1,2124.9,9.64,2019,Lujo,38944.0
1.43,129.8,979.4,6.59,2013,Medio,15486.0
4.66,283.5,1825.8,10.01,2019,Lujo,46843.0
1.92,139.9,1315.0,7.46,2018,Medio,27030.0
1.15,99.9,1189.2,4.94,2024,Medio,20305.0
3.22,186.2,1787.7,9.18,2014,Medio,29172.0
2.48,170.4,1577.7,7.9,2011,Medio,29585.0
4.32,201.6,1933.7,11.61,2015,Lujo,35656.0
4.23,232.3,2080.5,10.67,2008,Lujo,40503.0
2.27,143.7,1590.8,7.21,2007,Medio,22936.0
4.81,285.7,2125.0,11.39,2015,Lujo,44254.0
2.16,143.4,1556.4,8.23,2021,Medio,26827.0
3.06,212.4,1697.8,9.22,2015,Lujo,33678.0
2.02,121.1,1338.6,7.01,2020,Medio,23108.0
4.74,260.3,2169.8,11.45,2008,Lujo,44987.0
1.66,132.1,1327.9,5.71,2013,Medio,21055.0
1.18,91.5,1195.1,6.12,2017,Medio,20490.0
2.74,172.8,1761.9,7.33,2011,Lujo,30786.0
4.97,280.6,1848.3,12.4,2005,Lujo,41382.0
4.57,236.8,1871.6,11.38,2006,Lujo,37584.0
3.99,189.3,1756.2,11.82,2023,Lujo,34806.0
4.56,242.2,1997.2,10.64,2017,Lujo,43916.0
4.57,226.7,2012.9,11.26,2010,Lujo,40024.0
3.08,176.9,1488.0,10.0,2010,Medio,24450.0
2.26,149.1,1347.7,8.34,2005,Medio,22030.0
4.09,192.8,1818.7,10.12,2023,Lujo,37343.0
3.65,176.8,2106.6,9.97,2007,Lujo,38092.0
2.49,168.5,1739.9,7.99,2020,Medio,27440.0
1.38,105.7,1195.1,6.37,2009,Económico,14636.0
3.99,173.3,1853.2,9.96,2011,Lujo,37549.0
2.05,156.1,1274.6,7.23,2010,Medio,26643.0
4.75,254.8,1857.8,10.64,2021,Lujo,43137.0
1.96,125.7,1376.9,7.22,2005,Medio,19658.0
1.49,95.9,1153.0,6.66,2012,Medio,19519.0
4.32,248.0,1970.9,10.78,2010,Lujo,35733.0
1.61,130.8,1111.3,5.61,2010,Medio,15664.0
1.72,171.6,1237.8,7.34,2008,Medio,22005.0
3.4,203.5,1767.2,9.65,2023,Lujo,40595.0
4.5,246.9,2068.5,10.76,2012,Lujo,41526.0
1.79,128.4,1396.5,6.69,2013,Medio,22915.0
2.24,164.4,1301.9,6.69,2012,Medio,27940.0
4.11,235.6,2030.0,9.96,2024,Lujo,47909.0
4.89,278.0,2025.8,11.5,2011,Lujo,43783.0
3.0,170.7,1726.7,9.54,2011,Lujo,30724.0
1.58,115.2,1292.6,6.14,2011,Medio,24114.0
1.06,93.6,998.8,6.07,2011,Económico,11987.0
1.92,151.0,1341.7,6.75,2006,Medio,24580.0
1.53,148.1,1325.7,6.59,2017,Medio,21203.0
3.71,200.2,1901.2,9.85,2005,Lujo,34629.0
1.49,111.8,1254.9,6.9,2009,Medio,18353.0
3.03,186.7,1840.1,8.52,2009,Medio,29788.0
3.78,206.7,1965.2,9.1,2010,Lujo,34464.0
3.32,210.1,1700.3,8.49,2020,Lujo,36752.0
1.8,91.4,1439.8,6.56,2016,Medio,23905.0
4.22,213.8,2186.2,10.0,2024,Lujo,43097.0
3.86,200.4,2100.7,10.42,2012,Lujo,38045.0
3.96,176.5,1741.6,10.05,2023,Lujo,38758.0
1.52,103.6,1169.9,7.86,2005,Económico,14916.0
1.5,103.3,1451.9,5.35,2015,Medio,22755.0
4.71,244.8,1950.6,11.66,2020,Lujo,46205.0
2.59,183.6,1388.9,7.47,2015,Lujo,34728.0
2.2,143.7,1392.6,7.23,2023,Medio,26647.0
2.95,159.6,1689.0,8.81,2011,Medio,28745.0
3.65,205.0,1800.6,8.45,2005,Lujo,35552.0
4.82,271.8,2027.6,11.86,2020,Lujo,48544.0
2.15,128.3,1355.5,8.58,2006,Medio,20771.0
4.7,231.6,1989.3,11.25,2020,Lujo,42983.0
1.1,114.0,1069.3,5.91,2019,Medio,20226.0
3.22,184.8,1979.0,9.77,2021,Lujo,34492.0
3.54,213.1,1819.7,9.56,2014,Lujo,35361.0
1.42,116.7,1362.3,5.93,2022,Medio,23022.0
1.56,135.1,1231.7,5.13,2008,Medio,22225.0
2.68,148.4,1546.8,8.67,2013,Medio,26482.0
4.86,254.4,2030.6,11.72,2007,Lujo,38649.0
3.38,191.6,1427.8,8.81,2020,Medio,29482.0
4.73,227.4,1917.7,11.65,2019,Lujo,40304.0
4.22,200.6,1737.1,10.4,2021,Lujo,36325.0
2.87,187.1,1347.4,8.27,2020,Lujo,30829.0
4.14,219.2,1791.3,10.99,2011,Lujo,35178.0
1.07,84.5,1326.8,4.91,2006,Económico,14060.0
1.44,115.7,1253.8,6.93,2023,Medio,20713.0
4.32,253.0,2134.3,10.07,2014,Lujo,42114.0
4.19,186.4,1996.1,10.3,2006,Lujo,39046.0
1.93,110.3,1476.5,8.24,2023,Medio,26638.0
3.12,168.3,1572.7,9.67,2024,Lujo,33409.0
3.42,223.3,1818.9,9.54,2013,Lujo,35163.0
4.47,243.9,2105.2,10.59,2020,Lujo,43492.0
3.41,210.3,1683.9,9.14,2005,Lujo,33335.0
2.65,145.5,1629.7,8.28,2006,Medio,27591.0
2.5,139.7,1592.1,8.02,2010,Medio,24229.0
2.7,176.2,1509.9,8.27,2018,Lujo,30543.0
3.61,205.4,1667.2,9.75,2007,Medio,28955.0
4.47,248.7,1875.4,11.02,2005,Lujo,40040.0
2.82,169.2,1614.3,7.64,2018,Lujo,32775.0
1.99,144.7,1437.1,6.88,2020,Medio,25682.0
1.95,140.7,1291.6,7.66,2019,Medio,28798.0
3.98,233.4,1899.2,9.55,2020,Lujo,38986.0
4.27,245.2,2035.0,10.71,2021,Lujo,44105.0
1.42,87.7,1329.5,5.78,2017,Medio,19695.0
1.27,70.2,1402.8,6.09,2015,Medio,17989.0
3.38,213.1,1897.7,9.17,2022,Lujo,37929.0
1.58,144.8,1176.0,7.42,2011,Medio,21300.0
4.3,213.6,2176.7,11.18,2006,Lujo,40968.0
2.24,116.2,1396.6,6.8,2020,Medio,28395.0
1.58,124.8,1419.3,6.92,2010,Medio,21139.0
4.68,264.1,2079.1,11.03,2024,Lujo,48938.0
1.66,158.8,1266.1,6.31,2013,Medio,21606.0
2.14,154.8,1217.8,7.61,2022,Medio,28245.0
1.61,117.9,1283.0,6.29,2005,Medio,17156.0
1.46,102.4,1078.4,6.87,2018,Medio,21869.0
1.08,103.6,1287.2,5.27,2013,Medio,23080.0
1.22,103.5,1387.4,5.58,2014,Medio,19273.0
1.7,109.7,1229.0,6.32,2010,Económico,14777.0
1.21,145.4,1239.6,5.6,2024,Medio,22227.0
3.36,226.7,1654.1,10.04,2012,Lujo,37630.0
3.72,229.4,1755.3,10.33,2022,Lujo,40644.0
2.57,146.4,1636.6,9.15,2013,Medio,28430.0
2.27,166.3,1463.4,9.0,2005,Medio,27096.0
3.02,192.2,1863.3,8.21,2022,Lujo,36632.0
4.5,248.0,1967.1,11.24,2008,Lujo,43620.0
4.4,258.7,2121.1,10.34,2010,Lujo,44642.0
1.17,118.4,1205.2,5.41,2022,Medio,24449.0
1.73,142.4,1427.0,6.38,2022,Medio,26472.0
1.95,149.3,1333.1,6.48,2023,Medio,28518.0
2.0,146.0,1393.4,6.56,2013,Medio,23708.0
3.28,159.3,1707.4,9.17,2020,Lujo,31929.0
2.67,168.1,1465.9,7.53,2011,Lujo,31624.0
1.2,97.9,1278.7,6.42,2019,Medio,20220.0
2.49,136.7,1601.6,7.44,2015,Medio,29132.0
3.1,214.1,1745.0,10.64,2006,Lujo,32599.0
1.41,147.4,1436.1,5.98,2013,Medio,21356.0
4.33,257.8,2157.4,10.98,2014,Lujo,43567.0
1.21,112.9,1157.0,5.16,2010,Medio,20788.0
4.7,272.3,2119.6,12.54,2012,Lujo,46113.0
1.4,116.1,1174.3,6.91,2015,Medio,16052.0
4.37,238.6,1996.4,11.18,2005,Lujo,38939.0
4.61,224.7,1980.7,10.57,2008,Lujo,44053.0
4.92,263.9,2324.0,12.0,2020,Lujo,47951.0
4.21,229.4,1995.7,10.06,2012,Lujo,36109.0
4.12,201.3,1903.3,11.47,2017,Lujo,43067.0
3.57,201.9,1935.7,10.2,2016,Lujo,38464.0
4.12,223.2,1668.5,10.64,2016,Lujo,38289.0
1.54,153.9,1042.9,5.0,2013,Medio,20287.0
3.14,201.9,1781.6,8.44,2014,Lujo,36428.0
3.06,182.5,1671.5,9.3,2021,Lujo,32572.0
4.43,241.7,2037.6,11.82,2024,Lujo,47301.0
2.85,174.8,1453.6,9.23,2010,Medio,29760.0
2.54,158.0,1532.3,7.11,2018,Medio,29561.0
3.56,182.8,2030.0,9.87,2024,Lujo,38760.0
2.07,139.9,1515.4,7.91,2005,Medio,22633.0
1.56,108.9,1310.1,5.5,2020,Medio,24359.0
2.91,154.0,1575.2,8.65,2014,Medio,27455.0
2.67,175.9,1519.5,8.43,2024,Medio,28310.0
1.93,144.3,1127.1,6.91,2016,Medio,24554.0
2.47,126.6,1548.4,6.84,2021,Medio,29290.0
2.47,156.4,1617.9,7.75,2008,Medio,27746.0
2.31,170.3,1288.4,7.5,2007,Medio,25580.0
2.52,179.8,1450.1,7.94,2023,Lujo,30196.0
3.74,228.2,1696.8,9.65,2015,Lujo,39064.0
2.19,148.2,1331.0,7.23,2016,Medio,25443.0
4.8,236.6,2105.3,11.65,2008,Lujo,41107.0
4.67,227.1,1816.2,11.73,2009,Lujo,39031.0
2.92,183.1,1704.6,8.5,2021,Lujo,37979.0
2.31,159.4,1568.8,7.46,2011,Medio,22958.0
3.14,208.8,1655.3,9.08,2016,Lujo,35264.0
4.39,255.6,1700.9,9.88,2011,Lujo,36447.0
3.61,202.0,1683.0,10.06,2010,Lujo,33858.0
4.22,206.3,2102.3,10.75,2008,Lujo,37518.0
3.13,179.5,1349.4,9.03,2023,Medio,27839.0
3.53,205.2,1741.2,10.23,2023,Lujo,38449.0
2.15,142.5,1296.6,6.27,2007,Medio,21813.0
3.94,207.2,1981.4,9.12,2012,Lujo,33204.0
1.81,136.9,1271.4,7.06,2016,Medio,25091.0
3.78,202.1,1893.3,10.04,2012,Lujo,39609.0
4.44,226.4,2078.6,11.21,2019,Lujo,46252.0
1.53,126.7,1502.4,6.17,2010,Medio,22375.0
3.46,191.1,1740.0,9.93,2006,Lujo,32401.0
1.38,119.6,1290.2,6.77,2011,Medio,22573.0
3.9,221.0,1697.5,10.53,2016,Lujo,41453.0
1.34,93.0,1377.3,5.98,2008,Medio,20306.0
4.74,241.1,1994.7,10.33,2021,Lujo,42760.0
1.55,147.9,1220.1,6.94,2005,Medio,20320.0
4.84,232.5,2106.2,12.47,2006,Lujo,42566.0
4.2,190.0,1763.3,11.11,2015,Lujo,33264.0
3.37,161.5,1771.1,8.87,2015,Lujo,33852.0
4.13,225.7,2048.7,11.01,2010,Lujo,44416.0
4.18,227.8,1980.3,11.21,2010,Lujo,40699.0
4.78,249.2,1905.4,12.59,2006,Lujo,44377.0
2.01,162.4,1388.5,6.7,2018,Medio,26963.0
3.36,146.3,1829.1,9.24,2012,Lujo,31371.0
1.38,122.3,1019.7,6.66,2007,Medio,18016.0
3.46,226.7,1637.2,9.58,2012,Lujo,33373.0
1.69,107.1,1426.5,6.03,2023,Medio,21727.0
3.26,183.6,1747.4,9.46,2010,Lujo,35025.0
3.29,178.0,1771.9,9.61,2022,Lujo,38206.0
2.86,158.5,1839.1,8.64,2010,Medio,27843.0
3.09,177.7,1728.9,9.08,2008,Lujo,32846.0
4.06,247.9,1992.9,10.33,2010,Lujo,39847.0
4.2,261.0,2274.5,11.6,2011,Lujo,43937.0
2.97,172.7,1616.5,8.21,2007,Lujo,30100.0
3.4,230.2,1653.8,9.09,2016,Lujo,38417.0
4.72,249.6,2132.6,11.57,2011,Lujo,43745.0
1.48,150.7,1322.4,6.89,2019,Medio,27003.0
1.47,117.1,1203.9,5.45,2014,Medio,20732.0
1.35,116.4,1113.8,5.38,2013,Medio,20186.0
3.63,211.8,2085.0,8.59,2014,Lujo,36288.0
2.67,224.2,1607.8,8.3,2008,Lujo,35837.0
4.1,239.2,1836.4,9.88,2019,Lujo,42050.0
3.68,194.7,1931.1,9.67,2007,Lujo,36259.0
2.33,170.8,1470.5,8.13,2019,Medio,25351.0
4.59,237.2,2018.0,10.96,2024,Lujo,43173.0
4.05,213.2,1980.0,10.62,2020,Lujo,43254.0
2.08,159.6,1265.5,7.15,2014,Medio,25542.0
2.46,158.8,1556.5,8.33,2011,Medio,22963.0
2.26,155.3,1694.0,7.9,2022,Lujo,32143.0
1.63,125.5,1363.6,6.19,2010,Medio,19842.0
1.59,129.7,1252.6,6.44,2014,Medio,24573.0
4.74,257.4,2025.3,12.22,2020,Lujo,45473.0
2.75,135.2,1538.7,8.64,2023,Lujo,30249.0
2.53,173.3,1502.8,7.22,2023,Lujo,33510.0
3.92,199.1,1834.3,10.66,2006,Lujo,32946.0
3.21,162.5,1813.0,8.49,2022,Lujo,32124.0
4.74,248.7,1878.2,12.44,2007,Lujo,40623.0
4.12,226.4,2033.7,11.21,2016,Lujo,42646.0
2.92,164.2,1583.8,8.84,2023,Medio,29318.0
2.51,175.2,1571.6,8.1,2018,Medio,26414.0
4.95,233.7,2001.4,11.79,2023,Lujo,47487.0
3.87,207.5,2027.2,10.6,2011,Lujo,36299.0
4.8,241.7,2250.7,11.47,2011,Lujo,43249.0
1.47,118.1,1383.6,6.5,2011,Medio,16372.0
4.4,241.1,1818.8,11.57,2012,Lujo,38837.0
3.55,183.8,1886.6,9.34,2018,Lujo,36080.0
1.49,132.5,1320.5,6.01,2014,Medio,23717.0
3.35,195.3,1545.6,8.65,2019,Lujo,32552.0
3.74,175.7,1833.2,9.35,2013,Lujo,38415.0
1.05,66.7,1206.0,4.58,2011,Económico,13572.0
2.82,172.5,1671.0,8.95,2008,Medio,27620.0
4.3,228.1,1996.7,11.97,2016,Lujo,44713.0
2.18,145.4,1480.3,8.35,2022,Medio,28229.0
2.83,172.9,1785.4,7.56,2022,Lujo,32175.0
2.77,174.8,1739.4,8.87,2010,Medio,29653.0
2.21,165.4,1107.9,8.39,2014,Medio,27696.0
4.67,227.0,2030.3,11.2,2019,Lujo,46748.0
4.13,203.9,1911.5,10.66,2017,Lujo,37326.0
1.44,98.0,1050.3,5.1,2006,Medio,15898.0
4.99,264.7,2158.3,12.14,2016,Lujo,46917.0
4.52,263.1,2179.1,10.59,2005,Lujo,40183.0
2.14,137.7,1303.5,7.54,2007,Medio,22245.0
4.35,188.9,2027.3,10.02,2018,Lujo,40030.0
1.43,86.4,1146.5,6.61,2007,Medio,18627.0
5.0,244.9,2068.5,12.61,2011,Lujo,46522.0
3.66,196.5,1993.0,9.39,2016,Lujo,36609.0
3.6,196.7,1735.0,9.08,2018,Lujo,35608.0
1.36,115.2,1295.9,4.89,2013,Medio,21337.0
4.59,237.9,1822.5,11.18,2006,Lujo,38041.0
1.12,123.5,1402.5,5.44,2020,Medio,23160.0
1.96,126.4,1463.1,6.21,2023,Medio,25907.0
1.57,107.4,1271.1,6.79,2022,Medio,20151.0
4.11,232.9,1995.8,10.3,2019,Lujo,39554.0
1.79,104.1,1179.0,6.22,2013,Medio,23256.0
4.64,252.7,2202.5,11.1,2022,Lujo,46269.0
3.63,206.8,1767.4,10.44,2014,Lujo,39528.0
1.14,103.1,1161.7,6.19,2007,Medio,15019.0
1.02,129.5,1096.4,5.56,2022,Medio,21165.0
1.21,97.1,1132.0,6.3,2011,Medio,22118.0
3.42,234.0,1839.3,8.78,2023,Lujo,37064.0
4.21,224.2,1982.2,10.75,2012,Lujo,35519.0
1.95,115.2,1466.8,7.22,2022,Medio,28056.0
4.4,237.2,1998.4,10.75,2015,Lujo,40107.0
1.23,89.8,1268.8,6.23,2014,Medio,18057.0
4.2,214.6,1900.7,10.26,2010,Lujo,36883.0
4.71,255.6,2345.4,11.84,2021,Lujo,48209.0
4.09,233.5,1734.0,10.87,2006,Lujo,34717.0
3.79,200.5,1999.4,8.32,2014,Lujo,37152.0
4.35,251.9,2152.1,11.68,2012,Lujo,43736.0
1.16,127.3,1087.9,4.03,2015,Medio,16870.0
1.81,158.1,1619.3,6.52,2010,Medio,23448.0
1.5,129.5,1394.4,7.01,2018,Medio,22224.0
3.02,205.3,1771.1,8.64,2012,Lujo,30086.0
3.98,185.4,1898.6,9.49,2008,Lujo,34340.0
3.52,195.1,1753.9,8.98,2008,Lujo,33585.0
4.4,220.6,1976.0,11.66,2018,Lujo,40774.0
1.62,127.0,1352.1,5.44,2010,Medio,20422.0
3.94,207.3,2052.8,10.98,2011,Lujo,37956.0
1.77,127.9,1364.8,6.8,2017,Medio,21983.0
2.08,177.2,1311.4,6.62,2011,Medio,26925.0
3.84,210.5,1958.8,9.79,2012,Lujo,40680.0
4.92,264.3,2240.7,11.26,2009,Lujo,44181.0
3.45,193.7,1840.1,10.03,2011,Lujo,35321.0
1.22,110.1,1294.0,6.39,2018,Medio,19804.0
3.47,198.7,1733.8,8.51,2015,Lujo,35765.0
1.17,114.8,1080.9,5.63,2024,Medio,24089.0
4.54,262.4,1930.0,10.74,2020,Lujo,45761.0
3.84,243.2,1663.3,10.92,2005,Lujo,31888.0
1.69,133.3,1351.6,5.9,2012,Medio,23112.0
1.37,125.3,1231.7,7.15,2010,Medio,22027.0
1.73,108.6,1280.7,6.75,2016,Medio,20992.0
4.92,255.2,1775.4,11.18,2010,Lujo,44350.0
2.83,190.3,1458.9,8.13,2024,Lujo,31371.0
4.14,241.0,2068.6,10.14,2010,Lujo,37128.0
3.55,205.6,1706.7,8.91,2015,Lujo,35770.0
3.29,207.5,1765.7,9.32,2007,Medio,29158.0
1.58,132.1,1128.2,5.79,2023,Medio,22537.0
4.78,273.0,2268.7,10.35,2023,Lujo,51701.0
2.21,153.4,1434.1,7.3,2020,Medio,23310.0
3.31,186.1,1762.8,8.22,2012,Lujo,30339.0
3.8,218.0,2128.9,9.63,2006,Lujo,35040.0
3.6,151.1,1981.2,9.21,2019,Lujo,35149.0
4.76,257.4,2053.8,11.1,2013,Lujo,43343.0
1.59,58.1,1227.3,7.75,2024,Medio,22964.0
3.03,150.3,1619.3,8.89,2018,Lujo,32950.0
2.62,172.8,1615.2,8.33,2015,Lujo,30940.0
2.9,184.5,1611.5,7.57,2024,Lujo,34023.0
1.48,98.2,1221.8,5.97,2021,Medio,21763.0
1.54,108.6,1460.2,6.59,2014,Medio,19467.0
2.11,169.2,1414.4,6.76,2005,Medio,26069.0
2.22,140.0,1730.7,8.09,2006,Medio,22656.0
2.71,208.8,1588.8,7.62,2013,Lujo,33347.0
3.44,197.7,1975.2,9.34,2016,Lujo,39139.0
3.54,208.9,1827.5,9.31,2005,Lujo,34302.0
2.65,195.0,1677.4,8.33,2007,Medio,29167.0
2.64,167.8,1471.8,7.83,2019,Lujo,30662.0
1.87,116.8,1265.2,6.83,2020,Medio,17015.0
3.35,192.2,1793.5,9.22,2005,Lujo,32731.0
2.27,150.1,1585.7,7.19,2015,Medio,26958.0
1.14,81.2,1190.9,6.12,2006,Económico,14755.0
2.67,162.3,1414.0,8.42,2019,Lujo,30825.0
2.9,162.5,1460.9,8.58,2021,Lujo,30676.0
1.9,152.7,1204.3,6.79,2022,Medio,23026.0
3.29,192.2,1510.3,9.74,2016,Lujo,32587.0
3.26,185.4,1728.9,9.08,2017,Lujo,34142.0
3.81,210.4,1987.0,9.91,2023,Lujo,40575.0
3.59,207.7,1796.3,9.81,2017,Lujo,37128.0
3.61,215.5,1531.2,10.79,2013,Lujo,36960.0
2.26,132.6,1443.3,6.82,2020,Medio,24241.0
4.15,207.2,1917.9,11.1,2016,Lujo,39566.0
3.2,207.7,1950.7,7.98,2021,Lujo,40156.0
2.73,161.6,1406.6,8.49,2015,Medio,24551.0
3.5,174.7,1729.1,10.55,2022,Lujo,35890.0
2.44,165.7,1715.4,8.2,2005,Medio,25667.0
3.05,190.4,1716.7,8.98,2005,Medio,29634.0
