area,bedrooms,bathrooms,age,location_score,price
156.8,2,1,41,2.58,337884.0
82.8,3,1,44,4.22,198921.0
181.3,1,2,4,5.31,435807.0
191.7,4,1,23,2.33,443649.0
35.0,4,1,41,3.46,161980.0
68.4,1,3,23,3.77,197243.0
147.0,2,2,42,2.15,323891.0
122.6,3,2,46,5.95,360978.0
139.1,3,2,23,7.35,427803.0
93.1,5,3,2,1.63,295474.0
188.4,2,3,17,5.33,466288.0
182.8,5,1,10,8.04,518272.0
143.6,3,3,23,7.73,445236.0
202.0,5,2,29,8.34,564044.0
165.7,2,3,23,5.03,435425.0
92.7,1,2,9,8.39,336979.0
160.3,1,1,15,3.17,378246.0
87.3,2,3,33,4.25,263783.0
188.3,5,1,1,2.59,479999.0
137.3,1,3,10,5.21,390843.0
129.8,2,1,44,4.53,300545.0
102.5,1,1,4,3.17,236967.0
207.2,5,2,20,7.77,597305.0
131.5,4,3,10,3.82,384691.0
116.4,4,2,5,3.46,312063.0
120.6,4,1,21,2.18,295060.0
169.3,4,1,26,4.95,446433.0
160.1,4,3,8,3.73,426845.0
162.7,1,3,3,4.32,404795.0
163.7,5,1,6,3.12,450327.0
257.8,4,2,32,7.87,620398.0
117.6,4,1,43,9.37,376249.0
111.8,2,1,9,5.48,332214.0
95.2,5,3,16,6.79,372869.0
173.9,2,2,17,8.8,500684.0
202.1,1,1,18,9.99,554813.0
133.7,5,2,12,6.52,429318.0
93.8,2,2,2,9.01,372954.0
94.7,1,1,26,9.18,320973.0
175.8,4,2,17,8.12,510083.0
180.9,2,1,17,5.15,442444.0
169.9,5,1,13,1.73,412900.0
103.4,3,3,46,1.14,258754.0
152.8,1,3,30,5.29,396399.0
146.4,5,1,20,5.45,417080.0
152.0,3,3,10,4.67,403080.0
187.9,2,2,40,6.11,457192.0
152.3,4,3,44,5.97,418574.0
177.3,3,3,1,8.53,532732.0
143.7,1,2,46,1.98,336676.0
155.9,4,2,34,3.03,371994.0
174.7,3,2,4,8.14,514554.0
59.9,4,3,37,8.63,318132.0
122.4,5,1,5,9.95,455918.0
114.1,4,1,2,8.86,455557.0
104.9,4,1,5,9.01,389583.0
124.9,2,1,22,3.83,321231.0
222.2,2,1,30,4.61,480845.0
92.4,3,1,20,3.41,258147.0
193.3,5,3,6,6.46,550791.0
47.4,3,1,9,9.45,299268.0
121.6,2,3,42,4.1,319317.0
149.0,4,1,48,6.01,414772.0
172.2,5,3,37,3.67,437027.0
179.1,5,1,5,2.53,438855.0
183.6,2,2,40,2.76,446563.0
120.8,4,1,34,1.52,293795.0
114.6,3,2,26,9.54,387031.0
187.2,3,2,7,4.63,461532.0
129.5,2,2,49,8.51,361599.0
69.8,1,2,22,7.13,279745.0
77.7,2,2,2,2.73,234355.0
89.4,3,3,10,2.58,275954.0
167.3,5,2,20,8.31,504694.0
147.8,5,2,3,3.38,425303.0
178.0,1,1,16,9.22,470010.0
116.5,4,2,23,2.26,289549.0
148.7,1,1,47,7.1,376923.0
174.4,4,1,4,8.33,523105.0
123.0,2,3,28,3.12,319920.0
165.1,3,1,45,3.49,359439.0
103.6,4,2,40,9.68,393874.0
120.0,3,3,46,3.38,294989.0
119.0,5,3,8,4.87,377664.0
74.2,3,1,40,4.89,219010.0
166.8,5,1,48,3.28,418591.0
114.2,4,2,16,7.98,408263.0
140.7,2,2,24,7.95,423726.0
166.4,4,3,26,4.4,459717.0
164.6,3,1,24,8.52,517976.0
176.6,3,1,14,2.92,383272.0
134.6,1,1,48,1.04,242340.0
116.7,1,3,47,6.14,307810.0
135.6,3,1,19,9.95,425894.0
47.2,1,2,40,1.35,99774.0
60.4,5,1,19,2.87,218322.0
67.3,5,1,39,5.67,238107.0
85.2,4,3,29,8.29,352545.0
162.0,4,1,23,1.8,375829.0
90.2,3,1,6,4.56,298973.0
119.2,1,3,32,7.72,369756.0
211.5,2,2,16,4.34,504236.0
120.4,3,1,10,2.7,306501.0
180.6,5,2,9,2.76,494487.0
88.7,2,3,49,4.69,261048.0
128.7,3,2,5,5.31,347358.0
87.7,2,2,39,8.76,298150.0
121.4,1,2,43,6.78,300111.0
186.2,1,2,1,7.21,492807.0
45.0,2,1,29,9.85,253406.0
163.9,1,3,28,4.71,390975.0
153.1,1,3,17,4.63,424885.0
107.3,2,1,33,9.31,366013.0
60.5,2,3,20,3.21,223103.0
144.0,3,3,21,7.57,420007.0
110.9,1,3,21,7.79,338563.0
152.8,2,2,40,1.88,329899.0
141.2,3,2,31,5.21,381589.0
228.1,5,3,18,2.81,510038.0
126.8,4,1,46,2.67,300684.0
83.7,5,3,40,5.17,299544.0
149.9,2,3,46,3.6,349549.0
152.1,3,3,36,8.16,432207.0
214.8,3,2,19,9.17,571275.0
185.9,5,2,38,8.22,518660.0
159.6,5,1,16,3.39,414479.0
220.5,5,3,13,3.47,555061.0
74.6,4,2,22,3.29,269356.0
104.8,3,1,48,2.22,238396.0
89.0,3,3,28,9.49,352271.0
118.6,5,2,19,4.62,371463.0
64.3,2,2,23,3.02,213336.0
174.9,2,1,14,8.62,476765.0
127.8,5,3,32,4.59,391318.0
59.1,2,2,17,1.32,190463.0
84.1,2,3,27,2.46,258270.0
157.2,3,3,18,6.75,483146.0
186.1,2,1,16,8.05,478671.0
249.8,5,1,48,2.9,539203.0
300.3,5,3,17,9.26,771224.0
162.8,2,2,3,8.66,480446.0
85.6,3,2,18,8.64,329680.0
35.0,5,1,26,3.05,147594.0
154.7,4,2,4,1.45,384394.0
95.3,2,3,15,8.81,347291.0
117.2,3,1,8,3.75,326511.0
106.3,4,2,25,6.57,339163.0
132.3,4,3,36,7.84,398463.0
198.6,1,1,48,2.15,391869.0
148.6,2,1,19,8.03,426578.0
131.3,5,3,43,9.45,456721.0
83.0,2,1,10,7.56,346146.0
47.9,2,2,39,4.97,192663.0
113.3,2,2,28,8.89,382739.0
137.0,1,3,37,5.75,339186.0
237.2,1,1,37,7.7,527105.0
147.2,2,2,26,8.38,457756.0
194.1,5,1,12,7.74,527031.0
112.5,1,3,26,3.59,273239.0
74.8,2,2,41,2.06,189996.0
86.9,1,2,48,3.15,208806.0
100.1,3,2,46,5.53,279446.0
257.1,2,1,9,5.55,585341.0
94.8,4,3,29,6.24,355368.0
186.1,3,2,5,4.56,458341.0
90.3,4,1,33,8.08,306054.0
191.2,4,2,49,9.22,541368.0
161.2,3,3,2,3.22,428479.0
131.4,5,3,32,7.63,417954.0
137.8,3,2,47,7.1,357712.0
104.0,5,1,42,5.71,310590.0
164.5,5,2,19,2.7,416528.0
115.0,3,2,5,8.16,419795.0
72.6,4,2,46,9.65,301291.0
69.7,2,1,46,7.5,248011.0
149.5,5,2,28,9.26,492950.0
226.9,4,2,48,9.86,556132.0
148.8,5,3,0,4.17,455974.0
133.5,2,2,30,6.74,355131.0
155.7,4,2,1,5.27,450354.0
211.8,3,2,46,9.88,566529.0
152.1,1,1,34,1.84,331305.0
117.4,1,1,45,4.71,292405.0
200.8,3,3,28,8.88,509729.0
163.6,2,3,4,3.56,401068.0
224.5,1,3,1,8.09,585980.0
150.1,3,2,16,4.45,392906.0
72.7,4,1,37,9.82,330372.0
64.8,2,3,7,8.95,329737.0
230.8,5,2,42,3.71,542272.0
234.8,4,1,11,7.93,604862.0
130.1,3,3,24,4.03,322869.0
118.9,5,3,10,6.46,400725.0
220.4,3,3,23,6.93,570373.0
79.1,1,1,22,8.47,270970.0
90.8,1,3,0,1.22,252086.0
175.4,5,2,28,2.98,449562.0
118.3,5,2,39,7.41,389227.0
139.7,4,3,46,6.07,341021.0
131.0,1,2,16,5.46,330320.0
158.6,2,1,44,1.5,355225.0
217.4,1,1,43,4.13,445820.0
145.0,1,2,49,8.79,362942.0
175.4,2,3,18,1.28,411955.0
35.0,3,3,42,4.57,176959.0
137.3,1,2,28,9.51,434461.0
93.6,5,3,2,1.46,300574.0
73.0,3,3,13,7.75,327102.0
91.7,2,2,33,3.32,253675.0
121.6,3,2,8,8.8,430269.0
190.4,4,3,21,7.71,575487.0
67.0,2,2,38,8.97,300535.0
141.7,1,1,7,2.94,305436.0
113.4,1,3,24,5.78,336232.0
122.0,5,2,10,8.01,449308.0
195.2,1,2,26,3.21,447691.0
169.6,4,3,12,3.08,427945.0
213.6,2,3,48,1.24,451841.0
131.5,4,1,3,9.63,472103.0
101.7,1,2,48,7.39,347059.0
127.7,5,1,39,6.72,371039.0
153.3,4,2,42,7.7,430513.0
149.7,3,2,42,5.78,386938.0
80.4,2,2,9,5.29,269000.0
145.0,5,3,46,5.05,386225.0
152.6,2,2,29,6.76,362226.0
278.5,3,2,48,2.81,566413.0
243.2,2,2,43,8.99,602644.0
93.1,2,1,28,8.31,311037.0
124.2,3,1,18,4.15,369377.0
59.5,1,3,5,6.21,254972.0
107.5,1,1,5,2.27,287297.0
157.4,2,1,19,9.75,470117.0
206.3,1,3,40,9.13,546145.0
99.9,3,1,25,9.3,366803.0
104.0,5,2,24,3.99,348120.0
35.0,1,3,12,2.52,150040.0
131.1,1,2,28,2.91,313215.0
81.6,1,1,31,1.81,193665.0
110.9,3,1,49,2.08,246511.0
91.8,2,3,36,1.64,235707.0
134.8,3,1,30,9.91,469513.0
43.3,1,3,45,1.67,116616.0
59.3,2,1,21,2.19,181306.0
257.1,3,1,46,8.45,635715.0
69.2,3,3,18,6.22,305202.0
79.7,3,3,6,7.97,340775.0
241.0,4,3,20,6.68,568127.0
299.8,3,3,6,8.94,760596.0
75.6,5,1,5,6.75,281757.0
119.7,3,3,44,5.7,370889.0
158.8,2,3,39,7.41,435986.0
235.1,2,1,11,5.03,559633.0
85.7,2,1,41,4.11,215882.0
126.5,3,3,3,5.21,358205.0
182.8,2,1,14,2.53,411961.0
163.9,5,3,35,8.17,492474.0
119.3,3,1,15,3.35,307608.0
132.6,5,1,36,2.38,332602.0
64.4,4,1,43,3.22,252257.0
126.9,2,1,3,8.58,422422.0
125.3,2,3,1,3.97,374196.0
152.8,4,3,47,7.17,450492.0
109.5,2,3,26,8.71,401868.0
165.9,2,3,25,1.7,369257.0
195.7,5,1,23,7.89,501851.0
148.5,3,3,21,3.77,384628.0
159.3,1,2,34,2.95,365079.0
142.9,3,2,28,7.2,396608.0
140.0,3,3,8,9.19,462456.0
100.3,5,3,31,3.66,302041.0
157.4,4,3,33,6.12,467462.0
134.6,1,2,5,3.61,355486.0
255.1,1,2,18,5.99,594580.0
226.5,4,3,39,6.6,577802.0
161.2,1,1,30,6.49,400924.0
98.0,2,1,6,6.61,326792.0
78.8,1,2,2,2.22,201974.0
205.5,1,1,29,7.24,454095.0
154.5,5,1,23,7.07,455105.0
166.4,1,3,48,7.14,428315.0
44.0,1,3,26,1.67,161652.0
191.0,5,2,46,5.02,504024.0
165.0,1,2,10,4.68,436467.0
78.9,5,2,22,1.78,229009.0
114.1,1,3,6,3.0,297598.0
154.5,1,2,28,4.97,386084.0
142.9,1,1,9,7.69,450961.0
123.9,4,2,24,3.13,361120.0
134.3,4,2,17,8.47,459620.0
126.1,3,3,9,5.91,383657.0
148.4,2,3,4,7.84,436263.0
220.9,1,3,25,5.25,527173.0
35.0,3,2,47,5.49,157279.0
127.0,2,2,9,6.58,376822.0
149.7,3,2,20,9.35,463685.0
156.3,4,1,11,5.43,458471.0
119.5,5,3,40,5.76,366165.0
43.4,3,3,20,6.42,195448.0
158.0,1,3,48,7.64,423916.0
235.0,2,1,12,1.65,477325.0
55.6,5,1,4,5.64,270933.0
187.5,3,3,29,5.33,472873.0
121.9,4,2,32,9.3,411177.0
136.6,3,3,49,5.44,380678.0
82.1,1,2,43,5.21,209695.0
121.6,5,2,44,9.66,412880.0
211.5,4,2,31,5.06,526945.0
172.0,5,3,17,2.63,429749.0
235.3,5,2,21,2.95,517924.0
204.8,2,3,6,1.86,474048.0
164.1,2,1,21,1.01,364862.0
235.9,2,2,18,4.89,542952.0
164.1,5,3,1,7.92,485113.0
185.5,3,3,10,7.6,534696.0
123.7,3,3,26,1.29,271702.0
143.7,5,1,18,6.13,428894.0
101.6,4,3,49,2.39,253709.0
194.4,5,3,23,9.47,557437.0
75.2,5,3,47,2.51,229688.0
183.0,1,1,33,6.64,437050.0
129.5,2,3,2,3.94,349772.0
204.4,4,3,10,6.77,566161.0
181.3,5,3,35,4.71,464462.0
240.1,1,1,27,7.84,584139.0
180.2,2,3,15,3.08,433049.0
53.5,3,1,26,9.15,262694.0
136.3,4,2,45,5.5,357813.0
75.5,1,2,19,7.8,256289.0
111.5,4,2,2,8.65,419837.0
223.1,2,3,15,9.99,602571.0
175.1,2,1,46,3.02,329249.0
101.6,3,2,38,3.58,266693.0
84.2,3,2,41,3.25,221332.0
141.8,4,2,45,3.37,379595.0
73.1,2,1,5,6.24,243041.0
103.1,5,1,14,9.94,385138.0
157.2,1,1,2,9.91,490756.0
203.5,5,2,0,5.74,574912.0
173.5,1,2,41,6.75,413226.0
35.0,4,2,46,8.74,227318.0
156.7,2,2,7,9.4,489871.0
144.0,2,1,36,2.83,280365.0
162.8,1,1,26,5.76,363427.0
228.9,4,2,3,8.5,617685.0
35.0,1,3,45,3.73,165330.0
107.5,4,1,43,4.96,298312.0
172.5,4,3,28,9.87,530175.0
53.0,5,2,35,9.87,330312.0
221.2,4,1,19,9.15,633267.0
160.3,2,2,39,8.19,427775.0
186.6,4,1,22,3.42,444041.0
108.6,5,1,49,3.89,331488.0
184.8,2,2,3,5.93,453346.0
198.8,1,2,8,6.05,509780.0
152.8,5,3,48,5.55,403768.0
152.9,1,1,14,6.73,406401.0
154.9,3,3,15,4.67,414020.0
92.5,2,1,39,7.74,283323.0
131.9,1,1,9,4.0,312628.0
131.6,4,3,25,3.98,374017.0
161.1,1,3,14,2.15,386451.0
195.0,4,2,9,2.7,467023.0
81.8,4,1,48,8.65,312087.0
133.1,1,1,9,5.02,358053.0
221.5,1,2,4,3.05,473337.0
99.1,4,2,33,7.83,365510.0
94.8,3,3,43,5.99,319433.0
151.1,1,1,6,1.19,372350.0
186.4,5,1,35,3.85,444033.0
140.6,2,3,27,2.59,330481.0
213.1,1,1,41,6.9,505051.0
187.1,5,1,6,3.48,487296.0
186.3,1,2,48,1.58,356276.0
170.5,3,2,30,1.49,369017.0
268.0,5,2,42,6.24,645911.0
128.7,3,3,18,1.2,301525.0
35.0,3,3,47,8.64,225897.0
228.2,2,1,31,2.4,473512.0
114.8,1,3,6,6.46,375101.0
145.9,3,2,46,5.0,359430.0
212.0,5,1,39,4.99,477168.0
51.9,1,3,15,1.65,129070.0
71.2,5,1,27,8.22,293489.0
51.9,3,2,19,9.04,262299.0
96.3,3,3,27,1.1,245785.0
164.2,1,1,48,2.61,311036.0
168.8,4,1,44,9.14,465672.0
155.2,1,2,10,5.95,395599.0
62.3,2,3,48,2.35,167262.0
35.0,4,1,21,2.83,187282.0
143.0,1,2,35,6.94,391894.0
114.1,3,2,38,7.52,358235.0
165.3,3,1,24,6.39,428503.0
178.6,1,3,22,9.58,496570.0
147.6,2,3,22,5.45,404484.0
181.8,2,2,43,3.7,416605.0
152.6,4,1,19,5.3,397681.0
169.2,5,1,13,4.24,445988.0
101.2,5,2,18,3.02,272764.0
130.1,1,2,9,1.41,301134.0
150.8,1,2,19,4.17,380648.0
185.1,1,1,5,7.4,475731.0
118.3,3,2,4,1.17,333606.0
168.7,1,1,36,4.95,370622.0
125.4,2,3,3,6.8,399837.0
133.5,5,3,28,6.49,418923.0
185.6,5,2,38,7.99,515965.0
35.0,5,1,36,8.29,241962.0
68.7,2,3,22,7.41,287857.0
58.5,4,1,9,1.93,218305.0
35.0,4,3,46,5.28,220527.0
102.7,1,1,41,6.43,285371.0
181.2,3,2,30,3.21,436021.0
124.3,3,1,4,1.38,293309.0
150.9,2,1,1,3.01,382653.0
199.9,4,3,15,5.09,504027.0
213.0,4,3,7,4.73,562653.0
136.2,3,1,43,2.59,350097.0
214.4,4,3,10,8.42,596104.0
145.1,4,1,14,9.33,426022.0
93.9,3,1,48,2.81,223214.0
107.3,2,1,40,9.37,372820.0
58.6,4,2,10,1.16,209793.0
91.2,4,1,19,9.32,368325.0
120.3,5,2,25,9.57,453723.0
184.2,1,1,33,1.11,368202.0
234.6,3,1,46,7.87,585883.0
64.0,5,2,43,9.73,336991.0
161.6,3,3,48,9.15,495377.0
82.8,5,3,2,9.74,406690.0
166.1,1,2,11,5.95,444683.0
132.8,1,1,28,1.7,274845.0
39.3,4,3,2,8.65,282836.0
191.1,2,3,17,6.52,528190.0
106.7,3,3,7,6.53,370686.0
110.6,3,3,46,4.76,326561.0
81.2,3,3,3,6.15,320820.0
104.0,5,3,7,2.38,313102.0
163.5,1,2,9,7.66,451328.0
129.6,4,2,7,1.68,363940.0
158.1,5,1,28,7.57,471852.0
159.9,4,1,18,8.64,447436.0
212.6,2,3,45,5.25,488154.0
121.1,1,3,13,5.59,381273.0
58.8,4,3,26,3.81,230692.0
198.7,3,1,33,9.73,506423.0
121.8,1,2,31,7.6,389329.0
201.3,2,1,39,4.32,457341.0
161.1,5,3,10,2.57,425293.0
132.8,2,1,25,2.98,307475.0
159.2,1,1,40,5.18,388641.0
247.3,4,2,43,9.48,624941.0
254.2,1,3,30,7.61,624399.0
143.8,5,3,32,2.94,390886.0
148.8,5,1,43,8.74,453604.0
199.2,5,1,31,4.4,488324.0
93.5,5,1,47,8.67,341813.0
158.3,2,1,6,3.18,399025.0
138.6,2,2,17,6.57,379083.0
157.3,2,1,5,9.34,442483.0
94.2,3,1,4,3.32,291772.0
52.6,5,2,23,7.24,291840.0
35.0,4,1,11,9.89,287032.0
78.5,4,1,20,2.36,243049.0
114.8,5,1,21,1.8,297856.0
123.9,4,1,31,7.07,392265.0
246.5,2,2,47,4.06,523530.0
200.8,3,3,42,1.64,422543.0
87.1,3,3,18,5.28,297105.0
159.1,1,1,16,7.78,466154.0
117.6,4,1,38,3.57,276761.0
124.4,4,2,6,4.02,373675.0
150.2,4,2,27,8.61,430993.0
174.1,3,3,21,5.68,460659.0
121.3,4,3,9,8.58,426277.0
198.5,5,2,30,5.02,466053.0
77.2,3,1,16,9.58,340202.0
140.3,3,1,9,6.86,405544.0
282.9,1,1,32,2.04,514230.0
152.3,4,1,8,8.97,493485.0
218.8,5,3,33,5.4,578069.0
145.0,4,1,8,2.27,391804.0
171.9,5,3,21,2.37,439671.0
136.9,5,2,40,7.19,417025.0
130.6,4,2,11,1.43,356532.0
97.1,3,2,38,3.58,298604.0
163.7,1,3,36,2.26,375475.0
93.2,1,1,45,4.97,225796.0
176.6,2,1,8,4.73,438255.0
199.7,3,2,35,5.7,495308.0
160.2,4,2,46,3.52,353064.0
124.3,3,2,38,1.29,291236.0
165.0,1,3,9,6.53,486699.0
123.0,2,2,41,4.36,323512.0
191.5,5,1,5,6.86,558571.0
39.3,5,1,29,1.98,166553.0
121.5,2,3,24,1.12,283717.0
35.0,5,1,26,3.23,183983.0
57.8,4,2,25,5.11,229438.0
215.0,5,2,1,4.55,534974.0
189.2,5,3,25,8.29,572308.0
100.4,4,3,46,4.4,325082.0
57.4,2,2,21,5.77,215122.0
35.0,4,1,13,6.34,240849.0
110.1,2,2,49,1.2,232476.0
273.1,2,2,4,5.64,640681.0
163.9,4,1,24,4.1,420290.0
109.2,3,2,25,4.79,337873.0
165.6,3,1,23,1.9,372371.0
54.1,2,2,46,8.05,264129.0
123.6,3,3,21,9.48,434459.0
145.5,1,3,48,1.2,306890.0
135.3,4,1,3,6.41,398963.0
183.5,3,3,36,7.87,537865.0
159.0,5,1,29,3.56,410926.0
176.8,3,2,12,8.09,515518.0
102.1,3,1,11,6.69,310372.0
189.4,1,1,35,9.36,476012.0
229.6,1,1,31,9.83,596082.0
86.6,2,1,30,1.38,207836.0
91.2,2,3,2,5.0,273937.0
213.5,2,1,29,5.92,518675.0
129.5,2,2,49,2.32,275979.0
217.2,4,3,0,4.03,571781.0
115.7,1,3,23,9.89,393240.0
220.0,2,3,24,1.15,466325.0
147.2,1,1,44,5.07,363727.0
154.2,2,3,14,8.58,448568.0
226.1,4,2,23,3.92,513063.0
120.1,1,1,35,5.32,301921.0
88.2,2,2,3,9.8,380054.0
115.3,1,3,40,5.27,285745.0
164.9,5,2,41,2.18,360531.0
53.9,4,1,35,1.47,179299.0
175.1,2,3,32,9.51,489087.0
110.4,1,3,37,3.39,268186.0
203.1,1,3,39,5.54,439159.0
35.0,3,3,45,1.82,120523.0
96.7,4,3,21,4.81,322287.0
47.2,3,2,22,9.37,296551.0
94.6,5,1,31,5.52,300247.0
153.6,2,2,9,9.74,506355.0
130.1,2,1,42,3.33,287077.0
126.1,3,2,38,5.54,337534.0
131.2,2,2,31,8.74,429050.0
151.2,5,3,15,5.03,444956.0
84.5,1,1,17,3.52,220649.0
178.9,3,1,21,8.7,495775.0
176.4,3,3,33,4.51,462894.0
161.2,1,1,38,5.78,409958.0
170.6,3,2,33,9.79,483526.0
156.3,3,3,46,2.68,362357.0
251.9,2,2,48,3.71,529584.0
135.2,1,2,35,1.28,263320.0
123.1,1,3,18,4.53,331295.0
98.6,1,2,29,2.8,243421.0
83.2,3,3,21,7.12,341234.0
71.6,1,2,31,2.63,212109.0
91.1,5,1,40,7.07,317183.0
136.1,2,2,18,3.37,337521.0
158.4,4,1,25,4.2,414507.0
142.8,4,3,2,4.14,401826.0
97.9,3,2,36,7.45,340169.0
189.5,5,2,24,5.2,493915.0
180.7,1,2,22,4.25,401728.0
131.2,2,2,26,8.67,387676.0
104.1,2,1,10,6.15,349622.0
170.2,1,1,29,2.92,362246.0
150.3,2,2,37,9.1,465348.0
60.4,2,1,17,4.08,198348.0
136.3,4,3,6,1.35,360374.0
154.4,2,1,19,5.45,438681.0
90.5,5,3,9,2.12,274529.0
150.4,4,2,18,3.15,353627.0
60.0,5,2,31,7.72,317091.0
213.5,1,1,5,2.18,438551.0
208.6,5,2,37,8.26,563812.0
126.1,4,3,11,9.43,443037.0
160.0,5,1,44,6.46,439091.0
35.0,2,1,36,7.39,177389.0
76.4,5,2,13,7.42,331917.0
123.8,3,1,28,9.94,419842.0
81.0,1,1,5,4.07,225317.0
179.3,3,2,4,2.47,417509.0
249.9,1,2,47,5.67,536267.0
75.3,5,2,40,5.8,258785.0
93.9,2,3,7,2.6,265203.0
152.9,2,3,14,6.52,433617.0
228.6,3,1,9,1.13,478115.0
72.8,3,2,19,9.35,323235.0
153.7,1,1,14,3.38,355414.0
240.2,5,1,16,1.36,515446.0
49.2,5,1,26,1.97,196129.0
69.5,4,2,9,3.16,276355.0
116.7,4,3,44,3.47,309081.0
111.4,3,3,36,1.3,279225.0
184.7,3,2,38,3.51,420647.0
153.3,3,3,8,2.74,399350.0
42.4,1,1,35,4.41,180077.0
