N°,Nombre,Nota Parcial 1,Nota Parcial 2,Nota Evaluación Final,Asistencia (%),Aprobado,prediccion
1,Ana López,17,16,18,95,Sí,Sí
2,Bruno Pérez,12,13,14,82,Sí,Sí
3,Carlos Ramos,9,11,10,70,No,No
4,Daniela Torres,18,17,19,98,Sí,Sí
5,Elena Vargas,11,10,12,75,No,No
6,Fernando Díaz,15,14,16,90,Sí,Sí
7,Gabriela Flores,8,9,11,68,No,No
8,Hugo Castillo,14,15,13,88,Sí,Sí
9,Isabel Mendoza,10,12,9,72,No,Sí
10,Jorge Salazar,16,15,17,93,Sí,Sí
11,Karen Huamán,13,14,12,85,Sí,Sí
12,Luis Quispe,7,10,8,65,No,No
13,María Chávez,18,18,17,97,Sí,Sí
14,Nicolás Paredes,10,11,13,78,No,No
15,Olga Medina,15,16,14,91,Sí,Sí
16,Pedro Herrera,9,8,10,69,No,No
17,Rosa Fernández,14,13,15,87,Sí,Sí
18,Samuel Castro,11,12,11,80,No,No
19,Teresa Molina,17,15,18,94,Sí,Sí
20,Víctor León,8,10,9,67,No,No
21,Wendy Arias,16,17,16,96,Sí,Sí
22,Xavier Soto,12,11,13,83,Sí,Sí
23,Yessica Navarro,9,12,10,74,,No
24,Álvaro Rojas,15,14,15,89,,Sí
25,Beatriz Silva,10,9,12,71,,No
26,César Valdez,18,16,18,99,,Sí
27,Diana Romero,13,15,14,86,,Sí
28,Erick Fuentes,7,9,10,64,,No
29,Fiorella Peña,14,14,16,92,,Sí
30,Gustavo Núñez,11,10,9,76,,No
