real,prediccion,resultado,acierto
versicolor,versicolor,Correcto,True
versicolor,versicolor,Correcto,True
virginica,virginica,Correcto,True
setosa,setosa,Correcto,True
virginica,virginica,Correcto,True
versicolor,versicolor,Correcto,True
versicolor,versicolor,Correcto,True
setosa,setosa,Correcto,True
virginica,virginica,Correcto,True
virginica,virginica,Correcto,True
setosa,setosa,Correcto,True
setosa,setosa,Correcto,True
setosa,setosa,Correcto,True
versicolor,versicolor,Correcto,True
virginica,virginica,Correcto,True
setosa,setosa,Correcto,True
versicolor,virginica,Incorrecto,False
setosa,setosa,Correcto,True
virginica,virginica,Correcto,True
setosa,setosa,Correcto,True
